varsta,gen,ore_ecran,cafea,minute_sport,ora_culcare,zgomot,durata_somn,nivel_stres_mediu,nivel_stres_ridicat,nivel_stres_scazut
0.6117592816358931,1,-0.6612670631124037,-1.3163899397915744,1.4158120008113833,0.16865239874085372,-0.5752282518194193,10.1,True,False,False
-0.5480737101907798,0,-0.014392032667868109,0.7234505299466546,-0.7272713496139527,-0.24513430049542714,0.49622133040984406,6.9,True,False,False
-1.127990206104116,1,-0.6073608105753591,1.7433707648157692,-0.8897680879875234,1.3410480465769803,-0.7597056241878721,7.5,True,False,False
-0.05100242797934866,1,-0.6073608105753591,-1.3163899397915744,-0.5541773051663369,0.4445101982317092,1.4988735574009073,8.0,False,False,True
1.4402114186549446,1,-0.44564205296422515,0.7234505299466546,-1.0532285731344335,1.4100124964496963,0.5173359105407047,7.2,True,False,False
-0.21669285538315913,1,0.09342047240622156,0.7234505299466546,0.0878586465177465,-0.1761698506227133,-1.4834357844926929,8.0,True,False,False
0.11468799942446163,1,-0.6612670631124037,-0.2964697049224599,1.6807248256178091,0.9962257972134132,1.496804702290537,9.6,False,True,False
-0.8794545649984002,1,-1.0925170834087603,-1.3163899397915744,-0.30985075288524894,1.4100124964496963,-1.4627663200036196,9.4,False,True,False
0.19753321312636687,1,-0.33782954789013603,1.7433707648157692,-0.3516953610761665,-1.072707698967989,0.1558714251544108,7.2,True,False,False
1.191675777549229,0,-0.6073608105753591,1.7433707648157692,-1.6999819731450245,-0.24513430049542714,-0.6594002621074643,6.6,True,False,False
1.52305663235685,1,1.4410767858323366,-1.3163899397915744,0.8942978825440764,-0.314098750368141,-0.3408519836492112,8.7,False,False,True
0.19753321312636687,0,0.09342047240622156,-0.2964697049224599,-0.1247777747462845,0.5134746481044208,-1.099843673742972,8.1,True,False,False
-1.5422162746136419,0,1.0098267655359796,0.7234505299466546,-0.23362945613489952,0.72036799772256,2.167813293300174e-15,6.8,True,False,False
-1.625061488315547,1,0.14732672494326612,0.7234505299466546,0.2745926582613385,0.09968794886814214,0.051601550548151784,7.5,True,False,False
3.7710432130057113e-16,1,-0.014392032667868109,-0.2964697049224599,-0.4943805358111418,1.5479413961951218,0.46789137798005986,7.8,True,False,False
1.3573662049530395,0,1.0098267655359796,1.7433707648157692,1.1756842614257705,-0.5209920999862803,-0.5281758270532226,8.0,True,False,False
-1.625061488315547,1,-0.6612670631124037,0.7234505299466546,0.07789013099121019,0.09968794886814214,1.3078277961388314,7.8,False,False,True
3.7710432130057113e-16,1,1.3871705332952922,1.7433707648157692,-1.5675130355805416,-0.314098750368141,2.167813293300174e-15,5.6,False,True,False
0.9431401364435132,1,2.3574830789620953,-0.2964697049224599,0.9326019254169268,1.2031191468315547,-1.0528903470668012,8.0,False,False,True
0.03184278572255639,0,-0.6073608105753591,0.7234505299466546,1.9443833847912677,0.030723498995426018,2.167813293300174e-15,9.2,True,False,False
0.28037842682827213,1,1.4410767858323366,-0.2964697049224599,1.1031491732648744,-0.10720540074999943,-0.793892861089422,8.4,True,False,False
0.4460688542320826,1,1.6027955434434704,-0.2964697049224599,-0.5166129875690404,-0.45202765011356644,0.9920671511478227,6.6,False,False,True
1.6887470597606598,1,-0.6612670631124037,-1.3163899397915744,1.3162742507860477,1.8237991956859771,-1.0064379021293939,10.5,False,False,True
0.5289140679339879,1,-0.5534545580383142,0.7234505299466546,0.029728036387298654,-0.8658143493498496,-0.5941699460610275,8.4,True,False,False
-0.4652284964888745,0,-0.44564205296422515,-0.2964697049224599,0.8621267181177378,0.8582968974679878,-0.0822108503484461,9.4,True,False,False
-1.5422162746136419,0,-1.0925170834087603,1.7433707648157692,-0.9397857750202578,1.3410480465769803,1.577713252765894,7.2,False,True,False
-1.210835419806021,1,-0.9307983257976267,0.7234505299466546,1.0500320953344098,-0.7278854496044218,-0.46410627795243775,9.4,True,False,False
-0.05100242797934866,1,-0.17611079027900206,-0.2964697049224599,-0.39725836518937907,1.1341546969588432,-1.2075462763234934,8.4,True,False,False
-1.0451449924022107,1,0.14732672494326612,0.7234505299466546,-0.47029770374691554,0.4445101982317092,0.07621136738769028,6.9,False,False,True
1.4402114186549446,0,1.5488892909064258,1.7433707648157692,-1.0551310634044637,-1.5554588480769835,-0.09967157899843263,6.2,True,False,False
-0.29953806908506436,1,-1.2003295884828498,0.7234505299466546,0.4069908895459431,-0.5209920999862803,1.4674493245934181,8.5,True,False,False
-1.4593710609117365,0,0.9559205129989351,0.7234505299466546,2.1450570747464957,0.4445101982317092,1.5715681781331354,8.4,False,True,False
0.28037842682827213,0,-0.33782954789013603,0.7234505299466546,-1.174341216524101,0.9272613473407016,-0.37386105028493094,7.4,False,False,True
-1.0451449924022107,1,0.5785767452396225,-0.2964697049224599,1.4554151227690246,-2.038209997185976,1.4513432825859864,9.0,True,False,False
0.36322364053017736,1,-1.3081420935569392,-1.3163899397915744,-0.12669110656710894,0.5824390979771346,1.1326040095323422,8.7,True,False,False
-1.625061488315547,0,0.3090454825543998,0.7234505299466546,0.4375041126415369,-1.2106365987134167,-1.7264209682468896,8.3,False,False,True
-0.1338476416812539,1,0.03951421986917645,0.7234505299466546,-1.1688909435992716,-2.038209997185976,-0.599961697612446,7.5,False,True,False
0.5289140679339879,0,0.4168579876284889,-0.2964697049224599,0.4119837148950897,-2.038209997185976,-0.23783697011391533,8.8,True,False,False
-1.210835419806021,1,0.20123297748031013,-1.3163899397915744,-0.24069694110564413,0.8582968974679878,-0.9216019618829081,8.6,False,False,True
1.1088305638473237,0,-0.8229858207235373,-1.3163899397915744,1.2169801456533758,-0.1761698506227133,-1.60491772330359,10.1,True,False,False
-0.38238328278696926,0,-0.769079568186493,-0.2964697049224599,0.5724636628190847,0.72036799772256,-0.8048486963915447,9.0,False,False,True
1.191675777549229,0,-0.7151733156494482,-0.2964697049224599,0.30327195040196187,1.6858702959405494,-1.5530716801694933,9.3,False,False,True
1.52305663235685,1,-0.8229858207235373,-0.2964697049224599,0.16391068576614007,-1.417529948331556,-0.9171053320737798,9.2,False,True,False
-1.4593710609117365,0,1.171545523147114,1.7433707648157692,-0.41676181425759007,-0.038240950877287835,1.1155369210754622,6.1,False,False,True
-1.625061488315547,1,1.3871705332952922,1.7433707648157692,0.31672695899433867,-1.624423297949695,1.2920347149074025,6.8,False,False,True
-1.293680633507926,0,-0.7151733156494482,1.7433707648157692,-0.3555026736807842,-0.1761698506227133,-0.019625100718406983,7.7,True,False,False
1.6887470597606598,1,-1.0386108308717161,-0.2964697049224599,0.1364192315158033,-0.24513430049542714,-0.258142832854465,9.1,True,False,False
-1.4593710609117365,1,0.36295173509144435,-0.2964697049224599,1.3550682579595577,0.6514035478498462,1.7419178137103952,8.5,False,False,True
-0.29953806908506436,0,0.5785767452396225,-0.2964697049224599,1.1665988776502116,0.6514035478498462,-0.9727157748314172,8.7,False,False,True
0.36322364053017736,0,0.09342047240622156,-0.2964697049224599,1.3545566046835178,0.7893324475952762,-0.7003322708550211,9.4,False,False,True
1.0259853501454186,0,-1.7393921138532957,-0.2964697049224599,-0.16744273976906118,2.237585894922256,-1.1243873442937973,9.6,False,False,True
-0.9622997787003056,0,1.5488892909064258,-1.3163899397915744,-2.2924402360339284,-0.314098750368141,-0.3888202784656595,6.2,False,True,False
1.191675777549229,1,1.8184205535916484,-1.3163899397915744,-0.6868218966693178,-0.9347787992225611,1.503315022215454,6.9,False,False,True
-0.630918923892685,0,-0.769079568186493,-1.3163899397915744,1.3332189726507406,0.3065812984862792,0.45132400671138106,9.6,False,False,True
0.7774497090397036,1,-0.5534545580383142,1.7433707648157692,-0.06648349983247917,-0.7968498994771335,-0.2728255366165867,8.0,True,False,False
-0.5480737101907798,1,0.20123297748031013,-1.3163899397915744,-1.101983189562322,1.5479413961951218,1.5872523486606915,7.6,False,True,False
-1.127990206104116,0,0.2551392300173552,-1.3163899397915744,-0.5775414064827961,-0.24513430049542714,-1.566895749390303,8.2,False,False,True
3.7710432130057113e-16,1,0.5785767452396225,-1.3163899397915744,0.8492378826392227,-0.5209920999862803,-0.9908126516689781,9.2,True,False,False
0.11468799942446163,0,2.034045563739827,-0.2964697049224599,0.5375739264403362,-0.45202765011356644,0.27523917231799067,7.2,False,False,True
1.52305663235685,1,-0.33782954789013603,-0.2964697049224599,-0.29561747528769444,0.7893324475952762,0.4520530738631662,7.9,True,False,False
-0.05100242797934866,1,-0.9847045783346713,-1.3163899397915744,-0.43124612710275867,-0.10720540074999943,-1.598605486524522,9.0,False,False,True
-0.4652284964888745,0,-1.6315796087792065,0.7234505299466546,-0.4576881320611461,-0.658920999731708,-0.3045390646243863,8.6,True,False,False
-0.29953806908506436,1,-0.9307983257976267,-1.3163899397915744,-1.020439861724669,1.7548347458132634,0.5716806138897672,8.3,True,False,False
0.19753321312636687,0,-0.17611079027900206,-0.2964697049224599,1.6708593224336166,-0.8658143493498496,0.7458334909721378,9.4,True,False,False
3.7710432130057113e-16,1,-0.6612670631124037,1.7433707648157692,1.2485535825826868,0.72036799772256,-0.5981685659966183,8.7,False,False,True
1.605901846058755,0,0.09342047240622156,0.7234505299466546,1.5711099194642335,-1.624423297949695,-1.406487707450838,9.4,False,False,True
0.6117592816358931,0,-0.12220453774195722,-0.2964697049224599,1.0164676393166656,0.5134746481044208,-0.2188318875975425,9.0,True,False,False
-0.5480737101907798,0,1.171545523147114,-0.2964697049224599,-0.4999615995257156,-1.072707698967989,-1.2810464579228875,7.5,False,True,False
0.28037842682827213,0,-0.7151733156494482,-0.2964697049224599,-0.06789134844905227,-0.9347787992225611,-0.047734239869726545,8.9,False,True,False
-1.210835419806021,0,-0.6612670631124037,-0.2964697049224599,-1.0005998519699957,0.72036799772256,-0.609931649101218,8.1,True,False,False
-1.0451449924022107,0,1.0098267655359796,-0.2964697049224599,0.3017479878062549,1.2031191468315547,0.9887585740557947,7.7,True,False,False
0.19753321312636687,1,0.6324829977766677,0.7234505299466546,-1.2925932605291661,0.9272613473407016,0.03335905173476534,6.7,False,False,True
-1.127990206104116,1,0.524670492702578,-1.3163899397915744,-0.5349546060640946,-0.1761698506227133,1.1513304356719658,7.6,True,False,False
0.19753321312636687,1,-0.49954830550127,-0.2964697049224599,0.17109588829836217,-0.5899565498589942,1.3477980386937927,8.4,True,False,False
-0.8794545649984002,1,0.524670492702578,0.7234505299466546,0.25819212526036506,1.5479413961951218,0.6566063728212125,7.6,True,False,False
-0.38238328278696926,1,1.0637330180730242,-0.2964697049224599,-0.31679852980102724,-0.658920999731708,-1.5722353751378433,7.6,False,False,True
-1.127990206104116,1,0.7402955028507563,-1.3163899397915744,0.5799513958367821,-1.072707698967989,0.27678527896616706,8.5,True,False,False
1.1088305638473237,0,1.0098267655359796,0.7234505299466546,0.881770853657022,-0.7968498994771335,-1.2534599721829547,8.2,False,False,True
0.9431401364435132,1,1.1176392706100688,-1.3163899397915744,-1.4696315173465924,-0.9347787992225611,-0.9253242673268954,7.2,True,False,False
1.6887470597606598,0,0.5785767452396225,1.7433707648157692,2.013984708645442,-0.45202765011356644,-1.6678007924250617,8.8,True,False,False
1.4402114186549446,1,-0.2839232953530912,-1.3163899397915744,-1.103074532738483,-0.038240950877287835,0.9404219585584032,7.6,True,False,False
1.605901846058755,0,0.03951421986917645,0.7234505299466546,-0.7609745941803837,0.3065812984862792,-0.05270988288409417,7.3,False,False,True
0.5289140679339879,0,1.171545523147114,-0.2964697049224599,0.5027625460008135,0.9962257972134132,-0.1488393539711682,8.2,True,False,False
-1.210835419806021,0,-0.9847045783346713,-0.2964697049224599,0.14821274630119893,0.5824390979771346,-1.714173088451258,8.9,False,True,False
-1.127990206104116,1,-0.5534545580383142,0.7234505299466546,0.47654644442388555,-0.1761698506227133,-0.4583890952594478,8.6,True,False,False
-0.796609351296495,0,-0.06829828520491267,-1.3163899397915744,0.6308843065180177,0.5824390979771346,0.18579632844592706,8.6,False,False,True
0.9431401364435132,0,0.09342047240622156,-1.3163899397915744,0.3923768896108907,0.16865239874085372,0.7620645556069033,8.4,False,True,False
0.11468799942446163,0,-0.06829828520491267,-0.2964697049224599,-0.2980837060073149,-0.45202765011356644,1.6640432712022406,7.7,True,False,False
1.2745209912511342,0,0.6863892503137117,-1.3163899397915744,1.9725756469102471,-1.4864943982042675,-0.31635610944599346,10.1,False,False,True
1.1088305638473237,0,0.5785767452396225,0.7234505299466546,-0.18288902444875618,0.72036799772256,1.6559387138564845,6.8,True,False,False
1.52305663235685,0,2.1957643213509614,1.7433707648157692,-1.0757117217492536,0.6514035478498462,0.5466035179121151,4.8,False,True,False
0.4460688542320826,0,0.09342047240622156,-0.2964697049224599,-0.16989527054966308,-0.10720540074999943,-1.2892000023216181,8.2,False,False,True
1.1088305638473237,1,0.14732672494326612,1.7433707648157692,-2.346328713951575,1.4789769463224103,1.2602254549514829,5.5,True,False,False
1.2745209912511342,1,0.20123297748031013,1.7433707648157692,-0.13824185945773948,-0.038240950877287835,-0.06323694649788483,7.3,False,True,False
-0.630918923892685,0,0.524670492702578,0.7234505299466546,0.3098300418344773,-0.5899565498589942,-1.0312081129073178,8.0,True,False,False
-1.5422162746136419,0,0.09342047240622156,-1.3163899397915744,0.15979107915011787,0.6514035478498462,0.40268727081898364,8.1,False,True,False
-1.707906702017452,1,-0.6073608105753591,-0.2964697049224599,0.7101351716997227,0.4445101982317092,-1.5233942319438973,9.1,True,False,False
-1.3765258472098314,1,0.09342047240622156,-1.3163899397915744,-0.5040615192428106,0.375545748358993,-0.2678558115442474,8.2,False,False,True
-0.630918923892685,1,-1.2542358410198944,-1.3163899397915744,-0.31747905101678403,-0.038240950877287835,-0.18702317050866457,9.2,False,False,True
1.4402114186549446,0,0.03951421986917645,-1.3163899397915744,0.7412697715904044,2.513443694413111,0.925985475546033,9.3,False,True,False
0.4460688542320826,0,-0.8768920732605822,0.7234505299466546,0.6103595792900532,1.2720835967042685,1.2081413230558582,8.6,True,False,False
-1.0451449924022107,0,1.171545523147114,0.7234505299466546,-1.0342564878641183,0.7893324475952762,1.0063424186293257,6.1,True,False,False
-0.5480737101907798,0,-1.7393921138532957,-0.2964697049224599,1.1094421806169144,0.16865239874085372,-1.6012562655536813,10.1,True,False,False
-0.5480737101907798,1,-0.7151733156494482,0.7234505299466546,-0.6106165566560435,1.0651902470861294,-1.0483006726112196,8.1,False,False,True
0.36322364053017736,0,0.3090454825543998,-0.2964697049224599,0.8147059313225365,0.5824390979771346,0.170992576984079,8.1,True,False,False
1.6887470597606598,1,1.5488892909064258,-0.2964697049224599,0.34727278082457147,0.030723498995426018,1.5887164667490121,7.2,True,False,False
-0.7137641375945902,0,-0.17611079027900206,-0.2964697049224599,1.907145196929397,-0.314098750368141,1.2331760195333907,9.4,False,False,True
1.4402114186549446,0,1.9262330586657381,-1.3163899397915744,-0.412679457501572,-2.038209997185976,-0.6599559684253594,7.8,False,False,True
0.860294922741608,1,-1.685485861316251,0.7234505299466546,-0.0628264427020359,0.23761684861356758,-0.2105172131346541,8.8,True,False,False
-1.4593710609117365,1,-2.4940796493719204,-1.3163899397915744,-0.363751568240223,-0.45202765011356644,-0.06363024923326319,9.9,True,False,False
0.6946044953377983,0,0.36295173509144435,-0.2964697049224599,0.8060990959625591,1.6858702959405494,-1.1791636577268672,9.1,False,False,True
1.2745209912511342,0,-0.6612670631124037,-0.2964697049224599,-1.7563150448864953,0.030723498995426018,-1.628829375089791,7.4,False,True,False
0.11468799942446163,0,-1.2003295884828498,-0.2964697049224599,-1.15965289054416,-1.2106365987134167,1.6317267566701938,7.9,False,False,True
1.4402114186549446,0,0.6324829977766677,-0.2964697049224599,-1.1746275568732722,-0.038240950877287835,-0.8824529133278268,7.1,False,False,True
0.6117592816358931,0,-0.7151733156494482,-0.2964697049224599,1.771858032171485,0.5134746481044208,-1.4425919573935913,9.9,True,False,False
1.191675777549229,0,-1.5237671037051175,-0.2964697049224599,-0.15299958516489293,0.3065812984862792,1.566236328651534,8.5,True,False,False
-0.7137641375945902,1,0.7942017553878014,-1.3163899397915744,-0.22126604965692204,0.9962257972134132,0.32454265498301504,7.8,True,False,False
3.7710432130057113e-16,0,0.5785767452396225,1.7433707648157692,0.03205756677543158,-0.7968498994771335,0.6353473102025561,6.9,False,False,True
0.03184278572255639,1,1.872326806128693,-1.3163899397915744,-1.0256818155908582,-1.348565498458842,-0.5089607995863502,7.2,True,False,False
0.5289140679339879,1,-1.2542358410198944,-0.2964697049224599,0.21055604608939657,0.7893324475952762,0.47325296159848074,8.8,False,True,False
1.6887470597606598,0,-0.8768920732605822,0.7234505299466546,0.489173753452261,0.5134746481044208,-1.0744903756739765,8.7,False,False,True
-1.293680633507926,0,-0.17611079027900206,-0.2964697049224599,0.15881748137201018,0.030723498995426018,1.2199642194667664,8.0,True,False,False
0.5289140679339879,0,0.14732672494326612,-0.2964697049224599,1.0193682884945041,0.4445101982317092,0.990411522895478,8.4,False,True,False
-0.1338476416812539,1,0.2551392300173552,1.7433707648157692,0.6766485788697025,-0.24513430049542714,-0.3979164875002313,7.9,False,True,False
-0.8794545649984002,0,1.4410767858323366,0.7234505299466546,-1.9836019117132335,-1.072707698967989,-1.7385801474403746,5.9,False,True,False
0.28037842682827213,0,1.0637330180730242,1.7433707648157692,1.414520456360581,0.09968794886814214,-0.9980910178765503,8.0,False,True,False
1.4402114186549446,1,0.2551392300173552,-1.3163899397915744,-0.18799504303878686,1.2031191468315547,-0.8476684611317471,8.7,True,False,False
-1.707906702017452,0,0.4707642401655335,-1.3163899397915744,1.667574524097096,-0.24513430049542714,-0.7437429462589207,9.8,False,True,False
-0.7137641375945902,1,0.5785767452396225,0.7234505299466546,1.6969355668663477,-0.5209920999862803,0.05584125371919128,8.5,True,False,False
1.605901846058755,1,1.3332642807582475,1.7433707648157692,0.7447874311749517,0.3065812984862792,1.3424324072414426,6.8,True,False,False
-1.5422162746136419,1,0.09342047240622156,-0.2964697049224599,0.03776457363817956,-1.4864943982042675,-0.8801846443794372,8.6,True,False,False
3.7710432130057113e-16,1,0.6324829977766677,0.7234505299466546,-1.7411025166667313,1.3410480465769803,-1.459833339303715,6.5,False,True,False
-1.127990206104116,1,1.4410767858323366,-0.2964697049224599,-0.9364875845972539,0.7893324475952762,0.9223528217119006,6.5,True,False,False
0.4460688542320826,1,-0.8768920732605822,-1.3163899397915744,2.2600331785163568,-1.2796010485861282,0.22113101796914048,10.7,True,False,False
1.2745209912511342,0,-0.17611079027900206,0.7234505299466546,0.0884254692118864,0.72036799772256,1.6769030343672504,7.7,True,False,False
0.9431401364435132,0,-1.685485861316251,-1.3163899397915744,0.5426131760838133,0.4445101982317092,1.0825998039347826,9.5,False,False,True
1.6887470597606598,1,0.03951421986917645,-0.2964697049224599,0.0040078791261585955,-1.003743249095275,0.41022233084966536,8.0,True,False,False
0.19753321312636687,1,-0.8768920732605822,1.7433707648157692,1.7553543183429567,0.3065812984862792,0.01695718823943804,9.3,False,True,False
-0.5480737101907798,0,0.7942017553878014,-1.3163899397915744,-0.7025461946415111,-1.2106365987134167,-1.5967841595089252,8.0,True,False,False
0.860294922741608,1,-0.8229858207235373,-1.3163899397915744,0.16414733822331087,-0.24513430049542714,1.764946211458294,8.9,True,False,False
1.605901846058755,0,-0.6073608105753591,0.7234505299466546,-0.6910077648999301,0.030723498995426018,0.6341795580224354,7.2,False,True,False
1.4402114186549446,0,-1.847204618927385,0.7234505299466546,-0.497503287755766,0.72036799772256,2.167813293300174e-15,7.9,False,True,False
-1.5422162746136419,0,0.7402955028507563,-1.3163899397915744,-1.5336191961226395,-2.038209997185976,-0.1525502868438134,7.6,False,True,False
1.2745209912511342,1,0.36295173509144435,-0.2964697049224599,-0.13036483988930364,0.8582968974679878,1.2373124055613849,7.7,False,False,True
-1.625061488315547,1,-0.17611079027900206,-0.2964697049224599,0.7638004157707742,1.2720835967042685,-0.1422158387844249,9.3,True,False,False
-1.625061488315547,1,-0.12220453774195722,-1.3163899397915744,0.04519449480462123,-1.072707698967989,0.17485404011781183,8.6,True,False,False
0.5289140679339879,0,-1.3620483460939834,-0.2964697049224599,-1.587952432092428,-2.038209997185976,0.6231994179204378,7.8,True,False,False
0.11468799942446163,0,1.4949830383693812,-0.2964697049224599,-0.3701455807414003,0.3065812984862792,1.0516594251156046,6.6,True,False,False
0.860294922741608,1,-0.33782954789013603,-1.3163899397915744,0.2962495842886875,-1.693387747822409,0.5606189946466746,9.0,False,False,True
-1.707906702017452,0,0.09342047240622156,0.7234505299466546,-2.030835729640964,2.8582659437766784,1.5809768030961433,6.4,False,False,True
-0.21669285538315913,0,-2.3323608917607865,-0.2964697049224599,0.07975200182329199,-0.314098750368141,-0.3756717137878687,9.7,True,False,False
-1.625061488315547,0,-0.3917358004271806,-0.2964697049224599,-0.2120515197535668,0.7893324475952762,0.8578049389295709,8.0,False,False,True
0.36322364053017736,0,-0.8768920732605822,-0.2964697049224599,0.6697180121299758,-0.658920999731708,-1.6670198265652825,9.5,True,False,False
-1.293680633507926,1,-0.44564205296422515,-0.2964697049224599,-0.8396888642962806,-0.1761698506227133,-0.0053262673519778895,8.0,False,False,True
0.860294922741608,0,1.8184205535916484,0.7234505299466546,-0.38058596510763515,-0.24513430049542714,1.3873174006999487,6.2,True,False,False
-1.4593710609117365,1,0.5785767452396225,-1.3163899397915744,-0.8864104144395192,-0.38306320024085483,0.13769629524229232,7.3,False,True,False
-0.8794545649984002,1,-0.7151733156494482,-0.2964697049224599,1.098863806259633,-0.10720540074999943,1.5710879230092787,9.1,False,False,True
1.3573662049530395,0,1.3871705332952922,0.7234505299466546,1.9739635654702696,-0.10720540074999943,0.006659336907670975,8.7,True,False,False
0.19753321312636687,0,0.848108007924846,-0.2964697049224599,-0.10656237424215162,-1.2796010485861282,-1.3131155010897932,8.0,True,False,False
-1.3765258472098314,0,-0.06829828520491267,-0.2964697049224599,-0.7934911545584267,0.5134746481044208,1.1181796275806042,7.1,True,False,False
1.0259853501454186,1,-0.8229858207235373,-0.2964697049224599,-1.6475126771309792,-1.9692455473132622,-0.8601915912417288,8.0,True,False,False
-1.293680633507926,1,0.6324829977766677,-0.2964697049224599,-1.9544455975690656,-2.038209997185976,1.4633633774129093,6.4,True,False,False
0.03184278572255639,1,0.3090454825543998,-0.2964697049224599,-1.722194100439007,0.7893324475952762,1.503279396493847,6.5,False,False,True
-0.8794545649984002,1,0.848108007924846,1.7433707648157692,0.24105329566639186,0.5824390979771346,1.6189357096510169,6.6,True,False,False
-1.0451449924022107,0,-0.7151733156494482,0.7234505299466546,0.9069479890934159,-0.7278854496044218,2.167813293300174e-15,8.7,True,False,False
-1.293680633507926,0,1.2793580282212025,0.7234505299466546,-0.5545140423579373,-0.24513430049542714,-1.2729997575933498,6.8,False,True,False
-0.4652284964888745,0,0.09342047240622156,0.7234505299466546,0.11344054950868142,-1.624423297949695,0.4000904114935902,7.8,True,False,False
0.6117592816358931,0,2.1418580688139164,0.7234505299466546,1.6675134082813021,-0.7278854496044218,-1.617330739982122,8.1,True,False,False
-1.5422162746136419,1,-0.8768920732605822,-1.3163899397915744,0.908857935356512,0.72036799772256,0.03199724200842102,9.7,False,True,False
-0.1338476416812539,1,1.764514301054604,-0.2964697049224599,-0.32700647105875463,1.4789769463224103,-1.1881670569408904,7.4,True,False,False
1.191675777549229,0,0.09342047240622156,0.7234505299466546,-0.9873334957882945,-0.38306320024085483,-1.0881957346591087,7.2,True,False,False
-0.21669285538315913,1,-0.8229858207235373,-0.2964697049224599,-2.324213080338806,0.7893324475952762,2.167813293300174e-15,7.2,True,False,False
0.36322364053017736,0,-0.6612670631124037,-0.2964697049224599,-0.8048877770316574,-1.9692455473132622,-0.19987481149777614,8.5,False,True,False
-1.5422162746136419,0,-0.44564205296422515,-0.2964697049224599,-0.2661338514626796,0.72036799772256,0.4791811004612002,7.7,True,False,False
-0.21669285538315913,0,0.3090454825543998,-0.2964697049224599,-1.0891271693607074,-0.7968498994771335,-1.4744580208912172,7.5,True,False,False
-0.1338476416812539,1,0.4168579876284889,-0.2964697049224599,-0.18142896234553546,0.375545748358993,0.05380588822079576,7.4,True,False,False
0.860294922741608,0,-0.7151733156494482,-1.3163899397915744,0.03926860875523419,-0.24513430049542714,-1.0892559473280041,9.2,False,True,False
-1.210835419806021,0,-0.12220453774195722,0.7234505299466546,-0.280689878928983,1.4100124964496963,2.167813293300174e-15,7.6,True,False,False
1.605901846058755,0,2.1957643213509614,0.7234505299466546,-0.7315540384369563,-0.8658143493498496,0.5298505536507317,5.8,False,False,True
0.9431401364435132,1,1.764514301054604,0.7234505299466546,0.13662464406733646,0.6514035478498462,0.24255884372300363,6.4,False,True,False
1.52305663235685,1,0.36295173509144435,-1.3163899397915744,0.42644197503624764,-0.24513430049542714,0.8890424601801177,8.4,True,False,False
1.4402114186549446,0,-0.06829828520491267,1.7433707648157692,-1.198590577735186,-0.10720540074999943,-0.5446017065289052,6.7,False,False,True
3.7710432130057113e-16,1,-0.014392032667868109,-0.2964697049224599,1.4540490240122212,-0.1761698506227133,0.9844953060393122,9.0,True,False,False
1.52305663235685,1,0.524670492702578,-1.3163899397915744,-0.14678395570089828,-0.8658143493498496,-0.19870024771697825,8.5,True,False,False
-1.707906702017452,1,-1.2003295884828498,-0.2964697049224599,-0.022242268366454918,0.030723498995426018,-0.01564389447887718,9.0,False,True,False
-0.8794545649984002,1,-0.3917358004271806,-0.2964697049224599,0.7088229265727525,-0.038240950877287835,0.5679358604111809,8.6,False,False,True
0.28037842682827213,1,0.3090454825543998,-0.2964697049224599,0.9685607367970499,0.09968794886814214,0.5889129016694585,8.4,True,False,False
0.6946044953377983,1,1.5488892909064258,-0.2964697049224599,0.34113912525856716,-1.072707698967989,-1.43399324839321,7.9,True,False,False
1.6887470597606598,1,-1.4698608511680729,-0.2964697049224599,-1.2551435212304811,0.9272613473407016,-1.415689666051962,8.3,False,False,True
1.1088305638473237,0,-1.685485861316251,-0.2964697049224599,0.07289447079356036,-1.2106365987134167,1.5474242073530622,9.1,True,False,False
-1.210835419806021,0,0.09342047240622156,-0.2964697049224599,-0.07747223201387425,0.6514035478498462,0.7145349597065814,7.6,False,True,False
-0.4652284964888745,1,1.0098267655359796,-0.2964697049224599,-0.262938187319327,0.6514035478498462,-1.286927282433864,7.4,True,False,False
0.36322364053017736,0,1.71060804851756,1.7433707648157692,-0.17854500398783707,-1.9692455473132622,-0.4694318831502492,6.9,False,False,True
-1.625061488315547,0,-0.6073608105753591,-0.2964697049224599,-2.0379161785186626,0.09968794886814214,0.3699205497742582,6.6,False,False,True
-1.707906702017452,1,1.0637330180730242,-1.3163899397915744,-0.6241499734461602,-0.45202765011356644,1.2353652942531683,7.3,False,False,True
-0.796609351296495,1,-0.17611079027900206,-1.3163899397915744,0.05622906126144931,-0.7278854496044218,-1.5839964776690014,9.0,True,False,False
-1.3765258472098314,1,-0.2839232953530912,-0.2964697049224599,0.12729414698074681,1.4100124964496963,-0.8969765914321532,8.9,True,False,False
1.2745209912511342,0,0.848108007924846,1.7433707648157692,-1.1320724049820385,-0.658920999731708,1.4282473352217644,5.8,False,False,True
0.860294922741608,0,0.5785767452396225,-1.3163899397915744,1.3000397015469538,-0.7968498994771335,-1.7068069689948722,9.6,False,False,True
-1.0451449924022107,1,-1.847204618927385,-1.3163899397915744,-0.9608027913892725,0.09968794886814214,-1.0224168259679893,9.0,True,False,False
1.605901846058755,1,1.4949830383693812,0.7234505299466546,0.9858685514800966,0.72036799772256,1.6748809410120413,7.5,False,True,False
-0.21669285538315913,0,-0.8229858207235373,-1.3163899397915744,-0.7275503973844352,1.2031191468315547,-0.8078354341536258,8.9,False,True,False
-0.4652284964888745,0,0.3090454825543998,-0.2964697049224599,1.8404691725570468,0.5824390979771346,-1.5009363915824327,9.4,True,False,False
-1.5422162746136419,0,0.4168579876284889,-1.3163899397915744,-1.3080732913118813,-2.038209997185976,-1.6390713258525758,7.9,False,False,True
0.19753321312636687,1,-0.17611079027900206,0.7234505299466546,1.4344648514499847,-2.038209997185976,0.8250936214113732,9.0,False,True,False
-0.8794545649984002,1,1.1176392706100688,-0.2964697049224599,-0.30740421328004863,2.651372594158539,1.5298413998982383,7.5,False,False,True
-1.127990206104116,0,0.4707642401655335,-0.2964697049224599,0.26392488290857374,0.5824390979771346,-0.2867319926476687,8.1,False,False,True
-0.1338476416812539,0,1.1176392706100688,1.7433707648157692,0.7992555549105561,0.9272613473407016,1.1242966585886738,7.1,False,False,True
1.1088305638473237,1,-2.008923376538519,-0.2964697049224599,-1.896534617731086,0.9962257972134132,-1.5050706790133481,8.2,False,False,True
0.28037842682827213,0,-0.49954830550127,1.7433707648157692,1.3410090177873004,0.16865239874085372,0.726260407381026,8.3,True,False,False
1.1088305638473237,1,-1.3081420935569392,0.7234505299466546,-1.8052899842276129,-0.10720540074999943,2.167813293300174e-15,6.8,False,False,True
0.6117592816358931,1,1.1176392706100688,0.7234505299466546,1.1526285791948647,-0.7968498994771335,-1.303379673696449,8.3,True,False,False
-0.29953806908506436,1,0.2551392300173552,-0.2964697049224599,-0.477896996658361,-1.348565498458842,1.391626048088048,7.6,False,False,True
1.1088305638473237,1,0.4168579876284889,1.7433707648157692,-0.2701539518466656,-1.693387747822409,-0.02343924213087681,7.5,False,False,True
-0.4652284964888745,0,-0.014392032667868109,0.7234505299466546,-0.36889972343357996,0.23761684861356758,-1.488583976726035,7.6,True,False,False
1.605901846058755,0,-1.5237671037051175,-1.3163899397915744,0.7845908851187371,-0.038240950877287835,-0.749190823591638,10.2,False,True,False
1.191675777549229,0,0.9559205129989351,-1.3163899397915744,1.3473385620050164,0.16865239874085372,-0.5841291798866782,9.2,True,False,False
0.9431401364435132,0,-0.6612670631124037,-0.2964697049224599,1.4378780532409383,-0.5209920999862803,1.6253879937259643,9.4,True,False,False
0.9431401364435132,1,-0.6073608105753591,-0.2964697049224599,-0.2641100473883931,1.4100124964496963,-0.09865270430383768,8.8,True,False,False
-0.630918923892685,1,1.4949830383693812,1.7433707648157692,-1.827503246115979,-1.2796010485861282,0.6505407057667402,5.1,False,True,False
-0.05100242797934866,0,0.7942017553878014,1.7433707648157692,-0.8968501106276071,0.23761684861356758,-1.162032720089372,6.4,False,True,False
-0.1338476416812539,1,-0.49954830550127,-1.3163899397915744,0.9809843884811018,-0.5899565498589942,-0.007605355779556193,9.9,True,False,False
-1.127990206104116,0,-0.49954830550127,-1.3163899397915744,1.6710789862685278,-1.003743249095275,0.8899094724328462,10.0,True,False,False
-1.210835419806021,0,-0.44564205296422515,0.7234505299466546,-1.3512480451370825,-1.348565498458842,1.3467408797339002,6.9,False,True,False
-0.38238328278696926,1,0.3090454825543998,-0.2964697049224599,-0.07023519332641939,-0.658920999731708,0.6425270193087026,7.7,True,False,False
0.9431401364435132,1,0.36295173509144435,-1.3163899397915744,0.25487627442505983,1.0651902470861294,-1.2898435899460101,8.9,True,False,False
-0.796609351296495,0,1.0098267655359796,-0.2964697049224599,-0.9008094045385292,1.0651902470861294,1.6277165380481362,6.8,False,False,True
0.03184278572255639,0,-0.3917358004271806,0.7234505299466546,-0.5447345072305598,-0.8658143493498496,1.0185534218541807,7.4,False,False,True
0.6946044953377983,0,-0.33782954789013603,-0.2964697049224599,-0.05755862842522304,0.5134746481044208,-0.7966387607872465,8.4,True,False,False
1.3573662049530395,0,-0.17611079027900206,0.7234505299466546,0.537097426396008,0.6514035478498462,1.5843413469742436,7.8,False,False,True
0.4460688542320826,1,0.6863892503137117,1.7433707648157692,-0.13594025125464215,0.23761684861356758,-0.1621266738902065,7.0,False,False,True
-0.05100242797934866,1,-0.014392032667868109,0.7234505299466546,-0.3166830306220127,-0.7968498994771335,1.0018229003510584,7.4,False,False,True
3.7710432130057113e-16,0,-2.278454639223742,0.7234505299466546,1.6531188779367971,-1.2106365987134167,-1.3693218678375372,10.7,False,False,True
0.9431401364435132,0,0.848108007924846,-0.2964697049224599,0.5526179248178495,-0.5899565498589942,1.6867760736827033,7.9,True,False,False
0.5289140679339879,1,0.2551392300173552,-1.3163899397915744,-0.3555863547913581,-0.10720540074999943,1.4299266118915106,7.8,True,False,False
0.9431401364435132,0,0.9559205129989351,0.7234505299466546,0.6968817775675953,-1.072707698967989,-0.7769427705333891,8.1,False,False,True
-1.4593710609117365,1,-0.2839232953530912,-0.2964697049224599,0.3497701086919479,-1.1416721488407005,-0.0953141387389729,9.0,True,False,False
1.1088305638473237,1,1.0637330180730242,1.7433707648157692,-0.15602508706397286,0.72036799772256,-0.6199894617964418,7.0,False,True,False
0.5289140679339879,0,0.524670492702578,-1.3163899397915744,-1.7081322109404127,-0.38306320024085483,0.8591140097337275,6.7,True,False,False
3.7710432130057113e-16,0,-1.2542358410198944,-1.3163899397915744,-1.237158931073499,-1.003743249095275,-0.27643431205065677,8.7,True,False,False
0.6117592816358931,1,-0.769079568186493,0.7234505299466546,-1.3083788979386715,-1.003743249095275,0.5007088134229758,7.1,False,True,False
-1.293680633507926,1,1.9262330586657381,-0.2964697049224599,0.10935774678505322,-0.38306320024085483,0.7502565951732653,6.9,False,False,True
1.1088305638473237,1,-0.33782954789013603,-0.2964697049224599,1.795084511292858,0.72036799772256,0.7922986415115337,9.2,False,True,False
1.605901846058755,0,0.09342047240622156,1.7433707648157692,2.32404169092496,0.9962257972134132,-1.5544284027476871,9.4,False,True,False
1.2745209912511342,1,0.7942017553878014,0.7234505299466546,0.6344153523571028,-0.45202765011356644,1.3214370789077872,7.6,False,False,True
0.19753321312636687,0,0.4168579876284889,-1.3163899397915744,0.4889089541465867,-1.1416721488407005,-0.10796412777241571,9.1,False,False,True
0.6117592816358931,0,0.03951421986917645,-1.3163899397915744,-1.9522377166200469,0.3065812984862792,-0.8051840986368884,7.2,False,True,False
0.7774497090397036,0,0.2551392300173552,0.7234505299466546,-0.6177328276146772,-0.7968498994771335,-0.8787078599151938,7.5,True,False,False
-0.05100242797934866,0,0.09342047240622156,-0.2964697049224599,-0.22054713789620758,0.8582968974679878,-0.3924446222044144,8.2,True,False,False
0.860294922741608,1,1.0098267655359796,-0.2964697049224599,-0.5428799529763035,0.16865239874085372,0.9297364022810507,6.8,True,False,False
0.11468799942446163,1,1.0637330180730242,1.7433707648157692,-2.141261841642751,-1.2796010485861282,-1.394744001150314,5.6,True,False,False
0.9431401364435132,0,1.171545523147114,-0.2964697049224599,0.7509200016999746,0.23761684861356758,-0.04458048493774242,8.2,False,True,False
-1.5422162746136419,0,0.5785767452396225,-1.3163899397915744,-1.1798664930788434,1.1341546969588432,1.7911641090504946,7.2,False,False,True
1.6887470597606598,0,-1.3620483460939834,1.7433707648157692,-1.017231247546695,1.3410480465769803,0.04579441160746333,7.3,True,False,False
-1.5422162746136419,0,-0.9307983257976267,1.7433707648157692,-0.34553703971850414,0.375545748358993,-0.28131882883638165,7.7,False,True,False
1.52305663235685,0,-0.17611079027900206,-0.2964697049224599,1.1253257051506382,0.6514035478498462,1.0378179792104298,8.6,False,True,False
0.03184278572255639,1,0.3090454825543998,0.7234505299466546,0.4845129518462606,-0.5209920999862803,1.5438624793352025,7.7,False,False,True
-1.625061488315547,0,0.36295173509144435,-1.3163899397915744,-0.1545894052151784,0.3065812984862792,-0.38683121978549634,8.3,True,False,False
0.4460688542320826,0,-0.3917358004271806,-0.2964697049224599,2.762070305081745,-1.2796010485861282,0.04755353228426351,10.4,True,False,False
-1.625061488315547,0,1.171545523147114,0.7234505299466546,0.22685651321332267,1.1341546969588432,0.2538848241420082,7.2,True,False,False
0.36322364053017736,0,-1.4698608511680729,1.7433707648157692,0.45375229411679846,-2.038209997185976,-0.007738335014540823,9.1,True,False,False
1.52305663235685,0,0.6324829977766677,1.7433707648157692,0.06167813182527878,1.2031191468315547,-1.1113762605985056,7.5,False,False,True
0.9431401364435132,0,-0.44564205296422515,0.7234505299466546,0.28445271278922557,-0.45202765011356644,1.1540545661089645,8.0,True,False,False
-1.0451449924022107,1,1.3871705332952922,1.7433707648157692,-0.4575719217326875,0.5824390979771346,0.18933762023228184,5.8,True,False,False
1.4402114186549446,0,-0.2839232953530912,0.7234505299466546,0.2431745855392104,0.030723498995426018,-1.2727674791871368,8.3,True,False,False
0.6117592816358931,1,0.03951421986917645,0.7234505299466546,-0.40618445825078264,1.2720835967042685,0.9882353329229068,7.4,True,False,False
1.6887470597606598,0,-0.2839232953530912,-0.2964697049224599,0.6169392961033314,1.0651902470861294,1.5802500870994314,8.7,True,False,False
0.36322364053017736,1,-0.12220453774195722,-0.2964697049224599,-0.4342005747893815,-1.417529948331556,1.6331650771976458,7.9,True,False,False
1.1088305638473237,0,-1.3081420935569392,-0.2964697049224599,0.35767946478357415,0.6514035478498462,-0.4256607636668522,9.2,True,False,False
0.19753321312636687,0,1.6027955434434704,1.7433707648157692,1.1519340784000056,0.09968794886814214,0.10616884965524814,7.0,False,True,False
-0.7137641375945902,1,-1.0386108308717161,-0.2964697049224599,-0.09673470807813449,-0.7278854496044218,-1.338526648426479,9.0,False,False,True
-1.210835419806021,0,-1.2003295884828498,-0.2964697049224599,-1.922517173153558,1.8237991956859771,1.58574504466842,7.4,False,False,True
1.191675777549229,1,-2.4401733968348758,1.7433707648157692,1.296024321737697,1.1341546969588432,-1.0858577455088223,10.1,True,False,False
-1.707906702017452,1,-1.5237671037051175,-0.2964697049224599,-0.7355454698924889,-1.348565498458842,-0.2917302828488402,8.9,False,False,True
-1.127990206104116,1,1.6567017959805155,-0.2964697049224599,-0.6739255906324249,-0.38306320024085483,-0.37529553530684867,7.0,True,False,False
-0.4652284964888745,0,0.9559205129989351,-0.2964697049224599,1.415347160039203,0.5134746481044208,1.0897216863100325,8.2,True,False,False
-0.630918923892685,0,-0.8768920732605822,-1.3163899397915744,-2.3070954957570464,0.3065812984862792,-0.11485843698198873,7.4,True,False,False
0.11468799942446163,0,0.9559205129989351,-0.2964697049224599,1.077706660518775,0.8582968974679878,-0.7881171565721958,8.7,True,False,False
-0.5480737101907798,1,-0.44564205296422515,-1.3163899397915744,0.19451074387841435,1.0651902470861294,0.07310796083117803,8.8,False,True,False
1.0259853501454186,1,2.3574830789620953,-0.2964697049224599,0.26059541357006066,-1.417529948331556,0.43817915615754005,7.0,True,False,False
-1.625061488315547,0,-1.6315796087792065,0.7234505299466546,0.5104135421007968,-0.1761698506227133,0.274736121035057,8.8,False,True,False
0.28037842682827213,0,1.3871705332952922,0.7234505299466546,-0.2515077514781718,-0.314098750368141,1.628781468387833,6.5,False,False,True
0.03184278572255639,0,0.524670492702578,0.7234505299466546,-0.24893060982709114,-0.10720540074999943,-1.271039197501931,7.5,True,False,False
1.6887470597606598,1,0.7942017553878014,1.7433707648157692,1.1601209060240938,0.375545748358993,-0.6632722719477798,7.9,False,True,False
-1.293680633507926,1,0.6863892503137117,-0.2964697049224599,0.5872294618684679,-0.658920999731708,1.4472452189674216,8.0,False,False,True
1.2745209912511342,1,-0.014392032667868109,-0.2964697049224599,0.6533447728796528,-0.9347787992225611,1.3199316313611424,8.5,False,True,False
0.9431401364435132,0,-0.17611079027900206,1.7433707648157692,0.16428386529014194,1.2031191468315547,-1.3477529393544028,8.0,False,False,True
-1.127990206104116,1,-0.9307983257976267,-0.2964697049224599,-0.06207259323723525,-0.24513430049542714,1.6335962133835633,8.3,True,False,False
-1.3765258472098314,1,-0.44564205296422515,-0.2964697049224599,-0.454252463524301,1.5479413961951218,-0.23219837522896364,8.5,False,True,False
-1.4593710609117365,1,-0.23001704281604662,-0.2964697049224599,0.9626111998730185,-0.038240950877287835,-0.16442740373213857,9.2,True,False,False
-1.293680633507926,1,-1.2003295884828498,-1.3163899397915744,-0.8618619674033294,-1.003743249095275,-1.5754226550747548,9.0,True,False,False
0.860294922741608,1,-1.3081420935569392,-0.2964697049224599,0.38944317921676475,-2.038209997185976,0.1968767068392872,9.3,True,False,False
1.1088305638473237,1,1.3871705332952922,-0.2964697049224599,-1.505304828847513,-1.417529948331556,-0.05391450875073089,6.7,False,False,True
1.52305663235685,1,0.848108007924846,-0.2964697049224599,-0.706860126757144,1.4789769463224103,0.44357174000241023,7.1,True,False,False
-0.4652284964888745,0,-1.7932983663903406,1.7433707648157692,0.8723284269319562,0.16865239874085372,1.3536686141662913,8.6,False,False,True
-0.7137641375945902,0,-1.2003295884828498,-1.3163899397915744,0.9685484472572116,0.4445101982317092,0.6170646773678504,9.5,False,False,True
1.6887470597606598,1,0.9020142604618905,-0.2964697049224599,0.5018903668185886,-2.038209997185976,-0.19413682879801103,8.6,True,False,False
0.6946044953377983,1,-1.2003295884828498,0.7234505299466546,0.726725461426919,-1.2106365987134167,1.177889933513496,8.9,True,False,False
-0.21669285538315913,0,-0.33782954789013603,-1.3163899397915744,0.5051703245828489,0.9272613473407016,1.4846165266707008,8.9,True,False,False
-0.38238328278696926,1,0.4707642401655335,0.7234505299466546,-0.7225176095443111,0.3065812984862792,-1.3130685850004076,7.0,True,False,False
-0.21669285538315913,1,-1.1464233359458051,-0.2964697049224599,0.41581786454349406,-0.10720540074999943,0.15435030313112375,8.8,True,False,False
0.36322364053017736,0,-1.5776733562421619,-0.2964697049224599,0.7576870731886957,1.7548347458132634,-1.571890834986746,10.1,True,False,False
0.36322364053017736,0,0.20123297748031013,-1.3163899397915744,0.7089177598647831,0.09968794886814214,1.332199466934184,8.6,True,False,False
0.11468799942446163,1,-1.847204618927385,0.7234505299466546,0.3304755509576114,0.23761684861356758,-1.159471931133702,9.1,True,False,False
-1.0451449924022107,0,0.36295173509144435,-0.2964697049224599,1.0926526159804257,2.513443694413111,1.1529179836624952,9.0,True,False,False
-1.707906702017452,0,0.09342047240622156,0.7234505299466546,-0.21516317903126234,-0.10720540074999943,-0.7949698548110007,7.7,True,False,False
1.0259853501454186,1,1.3332642807582475,-0.2964697049224599,-0.8321947061126147,0.6514035478498462,1.4788167010615363,6.3,True,False,False
0.860294922741608,0,0.03951421986917645,0.7234505299466546,-0.7582526365432876,-0.658920999731708,-0.5978142178248024,7.5,False,False,True
-0.4652284964888745,1,-0.06829828520491267,-0.2964697049224599,-2.0503935146685923,0.8582968974679878,0.8252354725274083,6.5,True,False,False
1.4402114186549446,1,-0.06829828520491267,-0.2964697049224599,0.18396394120926152,-0.8658143493498496,-0.15699997924475836,8.7,True,False,False
-1.3765258472098314,0,-0.8768920732605822,-1.3163899397915744,-0.04095372880974158,-0.38306320024085483,-0.8269857258350779,9.3,False,False,True
0.03184278572255639,1,-0.8229858207235373,1.7433707648157692,-0.9087472978528041,-0.45202765011356644,-1.0615277974179513,7.4,False,True,False
0.6117592816358931,1,-1.6315796087792065,1.7433707648157692,0.6568920007766262,-1.8313166475678369,0.6457311134001473,8.8,False,False,True
-1.5422162746136419,0,1.764514301054604,0.7234505299466546,0.952052606940113,-0.314098750368141,-1.738008595073409,7.7,False,True,False
-0.796609351296495,0,-1.4698608511680729,-0.2964697049224599,-1.747034959197814,0.7893324475952762,1.12969661191512,7.5,True,False,False
0.36322364053017736,1,-0.8768920732605822,-0.2964697049224599,-0.8510949193022411,-1.2796010485861282,-1.4572936222267527,8.4,False,False,True
-0.4652284964888745,1,-0.8768920732605822,0.7234505299466546,-0.8579006960893012,1.1341546969588432,-1.057696597575916,8.0,False,False,True
1.2745209912511342,0,0.848108007924846,-1.3163899397915744,-1.0389909430767004,0.5134746481044208,-0.3643588577477716,7.4,False,True,False
0.03184278572255639,0,-0.44564205296422515,-1.3163899397915744,0.837418514245788,-0.7278854496044218,-0.01324345939628482,9.8,False,False,True
0.6117592816358931,1,1.2254517756841583,0.7234505299466546,-0.24778300837617984,-0.10720540074999943,-0.47558410144158725,7.1,False,False,True
-0.630918923892685,0,-0.8229858207235373,0.7234505299466546,-0.3227477441408061,1.6858702959405494,-0.5976383073963563,8.5,True,False,False
0.5289140679339879,1,0.20123297748031013,0.7234505299466546,-2.1673102101447888,0.7893324475952762,1.6922968622330712,5.8,True,False,False
-1.3765258472098314,1,-1.0386108308717161,-1.3163899397915744,0.6316230039048791,0.030723498995426018,0.5447146396496934,9.3,True,False,False
3.7710432130057113e-16,0,2.1957643213509614,-1.3163899397915744,-1.3564545502677392,-0.24513430049542714,-1.6560121345779408,6.5,False,False,True
-1.3765258472098314,1,-1.4159545986310282,-0.2964697049224599,0.021325892848893486,0.09968794886814214,-0.2079253461277207,9.1,False,False,True
-0.796609351296495,1,0.20123297748031013,0.7234505299466546,0.2519236331444433,-0.5209920999862803,1.375768933705667,7.6,False,False,True
-0.4652284964888745,0,0.5785767452396225,-1.3163899397915744,1.400734126564402,-2.038209997185976,-0.6661934672588906,9.9,False,False,True
0.36322364053017736,0,0.3090454825543998,-0.2964697049224599,-1.4302244326084494,2.1686214450495442,-1.4027985514759884,7.5,True,False,False
-0.05100242797934866,0,-0.2839232953530912,1.7433707648157692,0.15273867053207285,0.4445101982317092,0.41809305687284015,7.2,False,False,True
1.4402114186549446,1,-0.06829828520491267,-1.3163899397915744,1.8671938531758616,-0.038240950877287835,0.29098915652946955,9.7,True,False,False
1.191675777549229,1,-0.2839232953530912,-1.3163899397915744,1.2716593833495358,-0.7278854496044218,-1.5486948357137875,10.0,True,False,False
0.9431401364435132,1,0.9020142604618905,-0.2964697049224599,0.18010980699742163,-0.1761698506227133,-1.2392334159524012,8.0,False,True,False
0.6946044953377983,1,2.249670573888006,0.7234505299466546,-0.5636078950886461,-1.624423297949695,0.4769629942325473,6.1,False,True,False
1.2745209912511342,0,-0.7151733156494482,-0.2964697049224599,0.8137141583574138,2.3755147946676836,2.167813293300174e-15,9.8,False,True,False
-0.9622997787003056,1,-0.23001704281604662,0.7234505299466546,0.46294102223856076,-1.003743249095275,0.20045031182362583,8.1,False,False,True
1.0259853501454186,0,1.6567017959805155,1.7433707648157692,2.8843626237512554,0.030723498995426018,1.2599036318740595,8.3,True,False,False
0.7774497090397036,0,1.71060804851756,0.7234505299466546,0.37392149303623007,-1.2796010485861282,0.8323569250237448,7.0,True,False,False
3.7710432130057113e-16,1,0.4707642401655335,-1.3163899397915744,-0.06935345359972708,0.7893324475952762,-1.3615939404049466,8.5,False,True,False
0.860294922741608,0,1.6567017959805155,-1.3163899397915744,-1.9183212732006127,0.5824390979771346,0.01496261327801641,6.2,True,False,False
-1.3765258472098314,1,-0.33782954789013603,1.7433707648157692,-0.47627248362480706,2.513443694413111,1.743383797896403,7.4,True,False,False
-1.4593710609117365,1,-0.769079568186493,-1.3163899397915744,-0.5980231755068526,2.306550344794972,-1.1750742300968418,9.2,False,False,True
-0.4652284964888745,0,-1.2003295884828498,0.7234505299466546,0.11933885226290288,-0.658920999731708,-0.003954553334823694,8.8,True,False,False
-1.625061488315547,1,-0.06829828520491267,-1.3163899397915744,-0.0420125341412035,0.5134746481044208,-1.2800425825472337,8.6,True,False,False
0.5289140679339879,1,-0.9307983257976267,-0.2964697049224599,-0.05209503188092305,-1.693387747822409,-0.2074250680726133,9.2,True,False,False
3.7710432130057113e-16,0,-1.7932983663903406,-1.3163899397915744,0.12234620529848733,-0.7968498994771335,2.167813293300174e-15,9.5,True,False,False
-0.1338476416812539,1,0.2551392300173552,-0.2964697049224599,0.8327771932655041,0.8582968974679878,-1.594944867714831,9.0,False,True,False
0.19753321312636687,0,0.7942017553878014,-1.3163899397915744,-0.9618159500603825,1.1341546969588432,1.5136156351963466,7.3,False,False,True
-0.796609351296495,0,-2.278454639223742,1.7433707648157692,-0.7401587654481654,-2.038209997185976,1.2261886385267862,8.2,True,False,False
1.1088305638473237,0,0.2551392300173552,1.7433707648157692,-0.3643308571684894,0.030723498995426018,-0.6800265224789027,7.1,True,False,False
0.9431401364435132,1,1.2254517756841583,-0.2964697049224599,-1.4695161817625753,1.2031191468315547,1.0705954386171528,6.3,True,False,False
1.2745209912511342,1,1.6567017959805155,-1.3163899397915744,-0.5472600947206561,0.7893324475952762,1.7027978120255567,7.0,False,False,True
-0.796609351296495,1,0.3090454825543998,-0.2964697049224599,0.885049768150303,0.375545748358993,0.13534582414080945,8.2,True,False,False
-1.5422162746136419,0,-0.8768920732605822,1.7433707648157692,0.2362118125744658,0.375545748358993,-0.6596966707560077,8.1,True,False,False
-1.707906702017452,0,-0.17611079027900206,1.7433707648157692,0.1630682420653356,-0.24513430049542714,-0.4485689494529894,7.8,False,True,False
0.9431401364435132,0,0.4707642401655335,-1.3163899397915744,0.860137541333651,-1.2106365987134167,-1.5030217472192537,9.4,False,False,True
1.52305663235685,1,-0.014392032667868109,-1.3163899397915744,-0.18791367556104424,-1.1416721488407005,1.7828452488898154,8.3,True,False,False
-0.9622997787003056,0,0.4707642401655335,-0.2964697049224599,0.37185235067214933,0.7893324475952762,-1.5995509386072586,8.5,True,False,False
0.6117592816358931,1,-1.0925170834087603,0.7234505299466546,-0.1516978688872747,0.030723498995426018,0.5921630155826964,7.9,False,False,True
-0.796609351296495,1,-1.6315796087792065,-0.2964697049224599,-0.6602424602868391,-0.38306320024085483,1.638894576614433,8.3,True,False,False
0.7774497090397036,1,-0.23001704281604662,0.7234505299466546,-2.628575872427366,-0.314098750368141,-0.86362957851767,6.1,True,False,False
-1.625061488315547,0,-1.0925170834087603,-1.3163899397915744,-0.18463397316787558,1.1341546969588432,0.15489802723108048,8.9,False,True,False
1.1088305638473237,0,-0.9307983257976267,-1.3163899397915744,1.4665795277718334,-0.314098750368141,-0.022152973979085284,10.4,True,False,False
3.7710432130057113e-16,0,1.2254517756841583,-1.3163899397915744,0.9400110117876777,-1.348565498458842,0.7629078519866507,8.5,True,False,False
-0.38238328278696926,0,1.0637330180730242,0.7234505299466546,0.981563259100082,0.7893324475952762,2.167813293300174e-15,8.2,True,False,False
0.36322364053017736,1,0.524670492702578,0.7234505299466546,1.268673431757065,-0.1761698506227133,-1.0495098608838012,8.6,False,False,True
-1.127990206104116,0,-1.3081420935569392,0.7234505299466546,0.051788456328629724,0.030723498995426018,-0.975544222184998,8.7,False,False,True
0.6117592816358931,0,-0.44564205296422515,-0.2964697049224599,0.1670194153855139,1.6858702959405494,0.8885271009751093,8.5,True,False,False
-0.9622997787003056,1,0.03951421986917645,0.7234505299466546,-0.37742455685637954,0.3065812984862792,0.30230794808869815,7.0,False,False,True
0.36322364053017736,1,2.3574830789620953,0.7234505299466546,0.6107876632101977,-1.2106365987134167,-0.9731268440524704,7.3,True,False,False
1.605901846058755,1,0.09342047240622156,-0.2964697049224599,-0.19011365073853892,0.6514035478498462,1.614931702973768,7.5,False,False,True
-1.210835419806021,0,-0.44564205296422515,0.7234505299466546,-0.5196538069100438,-1.5554588480769835,0.10650118842649835,7.6,True,False,False
-0.8794545649984002,1,-0.2839232953530912,-0.2964697049224599,0.5953422465948809,0.16865239874085372,-0.9061453788105635,8.9,False,True,False
0.6117592816358931,1,0.6324829977766677,0.7234505299466546,-1.5734272221235492,0.09968794886814214,-1.5622077865226076,6.4,False,True,False
1.191675777549229,1,0.9020142604618905,0.7234505299466546,-2.477311454707864,1.1341546969588432,-0.7835238535320592,5.8,True,False,False
0.28037842682827213,0,-0.9847045783346713,-1.3163899397915744,-0.6260715214401079,0.375545748358993,2.167813293300174e-15,8.2,False,False,True
-0.05100242797934866,0,-1.5776733562421619,-0.2964697049224599,-1.3367867163548022,1.5479413961951218,2.167813293300174e-15,8.0,True,False,False
1.2745209912511342,0,-1.3081420935569392,-0.2964697049224599,-0.5228980018981665,0.09968794886814214,0.7308549975741716,8.1,False,False,True
-1.0451449924022107,0,-2.4401733968348758,0.7234505299466546,1.4980966834978067,-1.072707698967989,0.002649306810166491,10.6,True,False,False
0.19753321312636687,0,0.3090454825543998,0.7234505299466546,0.3042777710305026,0.9962257972134132,0.0854363353057843,7.6,False,True,False
1.191675777549229,1,0.7942017553878014,0.7234505299466546,-1.2499544436089969,0.5824390979771346,-0.06334881640042132,6.4,True,False,False
-0.29953806908506436,0,-0.014392032667868109,-0.2964697049224599,1.0597366168682691,0.09968794886814214,0.7763514487016683,8.6,True,False,False
1.4402114186549446,0,-0.23001704281604662,-1.3163899397915744,-0.12257947175558301,-0.7278854496044218,1.6094295710001336,8.4,False,False,True
0.19753321312636687,1,-0.44564205296422515,-0.2964697049224599,-1.1789271178563872,-0.7278854496044218,-1.5891960097218347,7.8,False,False,True
0.11468799942446163,1,0.14732672494326612,-1.3163899397915744,-1.6899793763808084,-1.417529948331556,0.027472376088822123,7.7,True,False,False
0.860294922741608,0,0.20123297748031013,1.7433707648157692,0.8251325305005446,1.8237991956859771,0.19895376739471385,7.9,False,False,True
1.2745209912511342,1,-0.8229858207235373,0.7234505299466546,0.3569468056659786,-0.10720540074999943,-1.1397559042903345,8.7,True,False,False
-0.796609351296495,1,0.9559205129989351,-1.3163899397915744,-0.9988497168463844,-0.314098750368141,0.9679689037577393,7.0,False,False,True
0.11468799942446163,1,-0.9307983257976267,-0.2964697049224599,1.1512813818417433,-1.1416721488407005,1.6277102000429067,9.5,True,False,False
0.28037842682827213,0,0.4707642401655335,-1.3163899397915744,-1.3035927814697663,-0.7968498994771335,-1.03770099787617,7.6,False,False,True
1.1088305638473237,1,-1.0925170834087603,0.7234505299466546,1.6998078261320602,0.09968794886814214,1.3770311680311536,9.3,False,False,True
0.6946044953377983,1,-0.12220453774195722,1.7433707648157692,0.6347767933335388,0.5824390979771346,-0.12365304824219765,7.9,False,True,False
-0.38238328278696926,1,1.0637330180730242,0.7234505299466546,-0.39072907417943137,0.3065812984862792,0.18524578968431085,6.5,True,False,False
-0.1338476416812539,0,0.36295173509144435,0.7234505299466546,0.5974427422741025,0.09968794886814214,1.2853094709348458,7.6,True,False,False
0.03184278572255639,1,0.7402955028507563,-0.2964697049224599,-0.21487254311376255,0.23761684861356758,-0.4107448136816687,7.7,True,False,False
-0.7137641375945902,1,1.3871705332952922,1.7433707648157692,0.0011622942938719985,-1.003743249095275,0.016622191004573936,7.0,False,True,False
-0.21669285538315913,1,0.4707642401655335,0.7234505299466546,-1.1050429432220568,0.09968794886814214,0.32238050591329387,6.3,False,True,False
1.191675777549229,1,-0.12220453774195722,-0.2964697049224599,0.7434054568857041,-1.072707698967989,-1.0662836647146454,9.2,True,False,False
-0.796609351296495,1,-1.5237671037051175,0.7234505299466546,-0.5864905141643546,0.09968794886814214,1.4679746957240247,7.8,False,False,True
-0.21669285538315913,0,-0.44564205296422515,-1.3163899397915744,-1.096730728356911,2.651372594158539,0.5151266472259028,8.2,False,False,True
-1.0451449924022107,0,-0.33782954789013603,-1.3163899397915744,-0.24481535551482794,-1.417529948331556,0.41154266471261897,8.5,False,False,True
-1.210835419806021,0,-0.06829828520491267,-0.2964697049224599,2.516324916164557,-0.10720540074999943,-1.3087938662354228,10.3,False,False,True
0.7774497090397036,0,0.4168579876284889,1.7433707648157692,-0.32102549385525875,-0.5899565498589942,-0.30544059254105926,7.2,True,False,False
-0.21669285538315913,0,-0.06829828520491267,-0.2964697049224599,-0.018407246569256807,-1.624423297949695,0.356844913938235,8.2,False,True,False
-0.4652284964888745,0,-2.278454639223742,0.7234505299466546,0.5379827955520955,0.8582968974679878,-1.4217892943344224,9.7,True,False,False
-1.3765258472098314,0,-1.1464233359458051,-1.3163899397915744,-1.2944735367552878,-1.417529948331556,2.167813293300174e-15,8.7,False,False,True
1.1088305638473237,0,-0.2839232953530912,1.7433707648157692,1.1394960497247173,-0.45202765011356644,-1.117162283305417,8.6,True,False,False
-0.796609351296495,0,-1.4159545986310282,-0.2964697049224599,0.7164233515287951,-0.24513430049542714,1.7748368319904166,9.2,False,False,True
3.7710432130057113e-16,0,0.524670492702578,-0.2964697049224599,0.7193974034928358,-0.038240950877287835,0.25836954060817524,8.1,True,False,False
-0.05100242797934866,0,1.5488892909064258,-1.3163899397915744,0.4227674682165953,0.72036799772256,0.7079754302132611,7.8,True,False,False
1.191675777549229,0,1.171545523147114,-1.3163899397915744,-0.02142883488660066,-0.658920999731708,-0.5808835881907897,8.2,False,True,False
3.7710432130057113e-16,1,-0.33782954789013603,-0.2964697049224599,0.6713311881695044,-0.24513430049542714,-1.4021485655078394,9.1,False,False,True
-0.4652284964888745,0,1.4949830383693812,-0.2964697049224599,0.58538146233362,0.030723498995426018,1.7348585372186884,7.4,False,False,True
1.4402114186549446,1,0.03951421986917645,-0.2964697049224599,-0.4176891268511879,0.16865239874085372,-0.7202983840337396,7.9,False,True,False
1.6887470597606598,0,-0.49954830550127,-0.2964697049224599,-0.6505316660804227,0.09968794886814214,-0.23059572276512633,8.1,False,False,True
1.4402114186549446,1,-0.769079568186493,-0.2964697049224599,0.06578556399653335,0.5134746481044208,0.5742082032640962,8.2,True,False,False
-0.630918923892685,1,-0.44564205296422515,-1.3163899397915744,1.6004898688692495,0.9272613473407016,-1.6515108214169583,10.3,True,False,False
0.7774497090397036,0,-0.5534545580383142,1.7433707648157692,-1.356294077612212,0.4445101982317092,1.145247433466495,6.2,False,True,False
-1.3765258472098314,0,0.03951421986917645,-0.2964697049224599,-1.598529521888657,0.5134746481044208,0.1708881946051023,6.5,False,True,False
1.1088305638473237,1,0.03951421986917645,-1.3163899397915744,0.1324952714614902,-1.624423297949695,-0.7489289828201544,9.2,False,True,False
0.6117592816358931,1,0.36295173509144435,-1.3163899397915744,0.14159515752222349,0.5134746481044208,-1.1609111033556754,8.5,False,True,False
-0.8794545649984002,1,1.171545523147114,0.7234505299466546,0.2164780562539839,0.7893324475952762,1.4470625311083174,7.1,True,False,False
-0.29953806908506436,1,0.9020142604618905,1.7433707648157692,-0.27893611607692165,-0.658920999731708,0.7029461581181767,6.5,True,False,False
-0.796609351296495,1,-1.7393921138532957,-1.3163899397915744,1.5377547048115454,-0.658920999731708,-0.8497377395315355,11.0,False,False,True
-0.9622997787003056,0,0.9020142604618905,-1.3163899397915744,-0.9208457971804106,0.5824390979771346,0.7192913571679372,6.9,False,True,False
-0.38238328278696926,1,-1.5776733562421619,-0.2964697049224599,-0.1517328727447267,1.1341546969588432,0.2984485548701887,8.8,False,True,False
-1.210835419806021,0,-1.3620483460939834,-0.2964697049224599,-0.22872414511066017,0.9962257972134132,-0.44490822019408766,9.0,False,False,True
-0.7137641375945902,1,-2.0628296290755634,-1.3163899397915744,1.7197421015606613,0.16865239874085372,-0.9675357066027449,11.0,True,False,False
1.52305663235685,0,0.4707642401655335,-1.3163899397915744,-0.020082190909201842,-0.10720540074999943,0.6445126903246872,8.0,False,True,False
1.6887470597606598,0,0.6863892503137117,0.7234505299466546,0.20242411910958788,-0.1761698506227133,1.716335397348584,7.2,True,False,False
-1.0451449924022107,0,-0.769079568186493,-0.2964697049224599,-1.3786255686978925,0.7893324475952762,-1.1138565267780767,7.9,True,False,False
-1.625061488315547,1,-0.7151733156494482,-0.2964697049224599,-0.44012452470511876,2.3755147946676836,-0.2292539876650517,8.9,True,False,False
-1.3765258472098314,1,0.3090454825543998,-1.3163899397915744,-0.37916613843738767,-0.8658143493498496,-0.14913640682466844,8.5,True,False,False
0.6117592816358931,0,-1.7393921138532957,1.7433707648157692,1.3169396381464897,0.5824390979771346,-0.8346226966923337,9.4,False,True,False
1.2745209912511342,1,0.09342047240622156,-0.2964697049224599,0.5491942490972144,-0.5209920999862803,1.1982080805990776,8.3,True,False,False
1.3573662049530395,0,-0.12220453774195722,-1.3163899397915744,-1.2209233307792302,-0.8658143493498496,-0.011830542134440559,8.1,True,False,False
-0.21669285538315913,1,0.524670492702578,-1.3163899397915744,0.21918398454039398,0.030723498995426018,0.19519604630620627,8.1,True,False,False
-1.127990206104116,0,-0.014392032667868109,1.7433707648157692,0.48612757624496944,0.16865239874085372,-0.6544279760960802,7.9,False,False,True
-1.707906702017452,1,-1.1464233359458051,-0.2964697049224599,1.1668857165015454,3.0651592933948177,-1.0921634376455482,10.5,False,True,False
0.03184278572255639,1,1.171545523147114,-0.2964697049224599,1.6339171139323092,-0.1761698506227133,-1.433579897262289,8.9,True,False,False
0.28037842682827213,0,-1.1464233359458051,-0.2964697049224599,-1.3758821777865595,-2.038209997185976,0.717368997292518,7.9,True,False,False
1.191675777549229,1,-1.0925170834087603,0.7234505299466546,0.45233675351790165,0.030723498995426018,-0.2591961875433898,8.9,True,False,False
-1.293680633507926,0,-0.2839232953530912,0.7234505299466546,1.0048272850072697,0.8582968974679878,-0.06907184325797547,9.0,False,False,True
0.7774497090397036,0,1.71060804851756,0.7234505299466546,-0.122777504784707,1.0651902470861294,-0.4303218656574355,7.1,True,False,False
-0.21669285538315913,0,-1.5776733562421619,-0.2964697049224599,-0.3814275576354593,-0.5209920999862803,-1.3812107993789073,9.0,False,False,True
1.4402114186549446,1,-1.847204618927385,0.7234505299466546,0.11870586659817871,-0.10720540074999943,2.167813293300174e-15,9.1,True,False,False
0.4460688542320826,0,1.4410767858323366,0.7234505299466546,-0.9278936900413849,-0.7278854496044218,0.6235897581292877,6.1,False,False,True
-0.9622997787003056,1,-0.33782954789013603,0.7234505299466546,2.173704970238721,-1.1416721488407005,0.6308883159518796,9.5,True,False,False
0.36322364053017736,0,-0.8229858207235373,-1.3163899397915744,-1.7471422413869349,0.375545748358993,-0.7204220232141101,7.8,False,True,False
-1.5422162746136419,0,1.872326806128693,-0.2964697049224599,-0.03502095039360666,-1.003743249095275,-0.9904712154484268,7.5,True,False,False
-0.7137641375945902,0,0.6324829977766677,0.7234505299466546,-0.24376681875411785,0.5824390979771346,-1.6573858986315728,7.3,False,False,True
0.5289140679339879,0,-0.6612670631124037,0.7234505299466546,-0.4212997932870025,1.8927636455586887,1.453160056018533,7.9,True,False,False
-0.1338476416812539,0,2.1957643213509614,-1.3163899397915744,-0.23353588707151482,-1.348565498458842,-0.9892800306778397,7.6,False,True,False
0.5289140679339879,1,-0.769079568186493,-0.2964697049224599,1.413661383866878,-1.9002810974405506,-0.929371769209902,10.2,False,False,True
-1.127990206104116,0,0.6863892503137117,0.7234505299466546,-2.3878918662571866,-0.10720540074999943,-0.7440007899261881,5.8,True,False,False
1.605901846058755,0,0.20123297748031013,-0.2964697049224599,1.583960578067211,0.030723498995426018,-1.2858397907346895,9.4,False,True,False
1.4402114186549446,0,1.2793580282212025,1.7433707648157692,-1.5523259280438977,0.23761684861356758,0.5364663721880065,5.1,False,True,False
3.7710432130057113e-16,1,1.5488892909064258,-0.2964697049224599,-0.32501453093495286,-0.45202765011356644,-1.4719141333875514,7.3,False,False,True
-1.5422162746136419,0,-0.06829828520491267,-0.2964697049224599,-0.4974419868997916,-0.1761698506227133,-1.2616505205760935,8.0,True,False,False
0.5289140679339879,0,0.36295173509144435,-1.3163899397915744,-1.7370286827368688,1.1341546969588432,-0.5301779915890696,7.4,False,False,True
0.28037842682827213,0,-0.8768920732605822,-0.2964697049224599,0.4478978472958418,-1.9692455473132622,0.7809985970836152,9.1,False,True,False
0.9431401364435132,1,2.034045563739827,-0.2964697049224599,2.1045300957430513,-0.38306320024085483,0.24510612544503518,8.4,False,True,False
1.3573662049530395,0,0.03951421986917645,0.7234505299466546,-1.4878659442773228,0.23761684861356758,-0.8279512606422904,6.7,True,False,False
-1.293680633507926,1,-0.49954830550127,-0.2964697049224599,0.15894956660405635,-0.9347787992225611,0.5776403397995241,8.4,False,False,True
0.860294922741608,1,0.09342047240622156,0.7234505299466546,-0.7442582937057322,1.8237991956859771,-1.3254804654298324,7.7,False,True,False
-0.05100242797934866,0,-1.5776733562421619,0.7234505299466546,0.4094174421530964,-0.658920999731708,0.17029076808935154,8.8,True,False,False
-0.4652284964888745,1,-1.1464233359458051,-1.3163899397915744,-0.02192607822112832,-0.038240950877287835,-0.18310292275786158,9.4,True,False,False
-0.8794545649984002,0,-0.8229858207235373,1.7433707648157692,0.4751520627873259,-0.5899565498589942,0.41094120276387475,8.0,False,False,True
1.2745209912511342,1,-1.2542358410198944,-1.3163899397915744,1.87126288123867,-1.9002810974405506,1.362684811566224,10.7,True,False,False
1.1088305638473237,1,1.171545523147114,-0.2964697049224599,0.7210647249427514,1.0651902470861294,0.42431962395996486,7.9,False,False,True
-0.21669285538315913,1,0.6324829977766677,0.7234505299466546,-1.4137365104493866,-0.314098750368141,-0.2986037945790214,6.6,False,False,True
-0.1338476416812539,0,0.9559205129989351,-0.2964697049224599,-1.0565243338500956,-0.8658143493498496,-0.9376555627035443,7.2,False,False,True
-0.29953806908506436,0,-0.9307983257976267,-1.3163899397915744,0.4587505009285361,0.9962257972134132,-0.8241243421189361,9.7,False,False,True
-0.630918923892685,0,1.4949830383693812,-0.2964697049224599,0.3348926459328318,-0.5209920999862803,-0.431855624751614,7.9,False,True,False
-0.5480737101907798,0,-0.44564205296422515,-0.2964697049224599,-0.3742273614183236,0.16865239874085372,1.5139254745966155,7.7,False,False,True
0.7774497090397036,0,-0.3917358004271806,-0.2964697049224599,-0.04298358283239372,0.8582968974679878,-0.4282321715848934,8.6,False,False,True
-1.5422162746136419,1,0.4707642401655335,-1.3163899397915744,0.5988509633149701,0.8582968974679878,-0.3739781046242389,9.1,False,True,False
-0.4652284964888745,1,0.36295173509144435,1.7433707648157692,0.8934741834318212,1.2031191468315547,1.239098184098641,7.7,True,False,False
-0.8794545649984002,1,-0.8229858207235373,-0.2964697049224599,-0.5407076113786583,-1.003743249095275,0.44712656388355787,8.1,True,False,False
-0.796609351296495,1,0.9020142604618905,-0.2964697049224599,0.23972935599890502,0.09968794886814214,-0.54982175148372,8.0,False,False,True
-0.9622997787003056,1,-0.06829828520491267,-0.2964697049224599,-0.5053694922752293,0.16865239874085372,1.172465337261303,7.4,False,False,True
0.860294922741608,0,0.14732672494326612,-1.3163899397915744,-0.11236516998237743,-1.072707698967989,-1.6028551037364516,8.8,True,False,False
-0.4652284964888745,0,1.5488892909064258,1.7433707648157692,2.1845040220657688,-0.1761698506227133,1.3607750483796102,7.8,True,False,False
-1.127990206104116,0,0.4168579876284889,0.7234505299466546,-0.3042006672514615,0.4445101982317092,0.08605468484375126,6.9,True,False,False
1.3573662049530395,1,0.4707642401655335,-0.2964697049224599,-0.42224864559946707,0.375545748358993,-0.3215871705678192,7.7,True,False,False
-0.796609351296495,0,1.0098267655359796,1.7433707648157692,-0.7289444083950349,0.5824390979771346,0.030577424222363796,6.3,True,False,False
-1.127990206104116,0,-1.2542358410198944,1.7433707648157692,-0.7308864142534127,-0.5209920999862803,1.3634618757617507,7.3,False,False,True
0.5289140679339879,0,-2.2245483866866973,-0.2964697049224599,1.3589989644675677,-1.2106365987134167,-0.14895553590059132,10.8,False,False,True
1.191675777549229,1,2.0879518162768718,0.7234505299466546,1.4632441439007526,1.8927636455586887,-0.5184083249083336,8.3,True,False,False
0.36322364053017736,1,-1.3081420935569392,-0.2964697049224599,-0.6789759371015804,0.030723498995426018,2.167813293300174e-15,8.5,False,True,False
-1.127990206104116,1,-0.33782954789013603,-0.2964697049224599,-2.021681021335463,-0.1761698506227133,-0.17485297754641668,7.0,False,True,False
0.5289140679339879,0,-0.44564205296422515,1.7433707648157692,1.0262271174580413,-0.9347787992225611,0.02757080064390391,8.7,True,False,False
1.2745209912511342,0,0.7402955028507563,0.7234505299466546,0.7962192403268085,-1.072707698967989,0.6767283725644433,7.8,False,False,True
1.605901846058755,1,0.7942017553878014,-1.3163899397915744,-2.1315095738064884,-0.38306320024085483,-0.24096180570332473,6.8,False,True,False
1.191675777549229,1,-0.769079568186493,-0.2964697049224599,0.904359356150008,0.4445101982317092,1.683401933462938,8.8,True,False,False
0.4460688542320826,0,-0.2839232953530912,-0.2964697049224599,-1.3266691051452606,0.6514035478498462,0.39411042264315427,6.8,True,False,False
-0.38238328278696926,0,0.20123297748031013,0.7234505299466546,0.7327366769639537,0.9962257972134132,1.1353458199039441,8.0,True,False,False
-1.0451449924022107,1,-0.3917358004271806,1.7433707648157692,-0.027095664059083008,1.8927636455586887,-1.3501091447196534,8.1,True,False,False
0.9431401364435132,1,1.6027955434434704,1.7433707648157692,-1.0538763328741556,0.5824390979771346,-0.32500119682476697,5.7,False,True,False
-0.1338476416812539,1,0.4168579876284889,0.7234505299466546,-0.4738904879870034,-1.072707698967989,-0.5401925495788783,7.6,False,False,True
-0.7137641375945902,1,0.6863892503137117,-1.3163899397915744,0.6856024504704794,-0.24513430049542714,0.2880337633340862,8.4,True,False,False
0.5289140679339879,0,0.5785767452396225,0.7234505299466546,0.07006799422338145,0.375545748358993,1.326299296999683,7.1,False,True,False
0.6117592816358931,1,1.1176392706100688,-1.3163899397915744,0.5775326055964438,2.1686214450495442,-1.4605383482748675,9.0,False,False,True
-0.7137641375945902,0,0.09342047240622156,0.7234505299466546,2.0537654089689097,-1.417529948331556,-1.4810572826184725,9.7,True,False,False
1.1088305638473237,0,-1.5237671037051175,1.7433707648157692,-1.7010963403279928,1.2720835967042685,1.2878640334744955,6.8,True,False,False
-1.293680633507926,0,0.3090454825543998,-0.2964697049224599,1.6728073230494491,0.23761684861356758,-0.9816490205871143,9.4,False,True,False
-0.29953806908506436,1,-0.8229858207235373,1.7433707648157692,0.06843641222109519,0.9272613473407016,0.6414580301805659,7.7,False,False,True
-1.3765258472098314,1,-0.7151733156494482,-0.2964697049224599,-0.9953845559694279,-0.10720540074999943,0.19331725745726192,7.5,True,False,False
0.28037842682827213,1,0.524670492702578,-1.3163899397915744,-1.4530178068881174,-0.8658143493498496,1.22583068283766,7.0,False,False,True
-1.625061488315547,1,1.2254517756841583,1.7433707648157692,-0.24279260478390619,0.7893324475952762,-1.2940964737894962,6.8,True,False,False
-0.9622997787003056,0,-0.12220453774195722,-1.3163899397915744,0.9351695623052849,0.72036799772256,-1.2773846899426136,9.3,False,False,True
0.6946044953377983,1,0.20123297748031013,0.7234505299466546,-0.1774968241218956,1.0651902470861294,0.24294727494769813,7.4,False,False,True
-1.3765258472098314,1,1.71060804851756,0.7234505299466546,1.560334140957915,0.030723498995426018,1.629860335018212,7.6,True,False,False
-0.29953806908506436,0,0.4707642401655335,0.7234505299466546,-1.3703841526531777,0.8582968974679878,0.42049794173816846,6.3,False,False,True
0.860294922741608,0,-2.008923376538519,0.7234505299466546,0.3433962292340241,0.4445101982317092,1.5731461403559417,8.7,True,False,False
-0.8794545649984002,0,0.6863892503137117,1.7433707648157692,0.8983040072353151,-0.9347787992225611,1.240193382039634,7.5,True,False,False
-0.05100242797934866,0,0.3090454825543998,0.7234505299466546,-0.48844623736486514,-0.5209920999862803,1.8046838678760289,7.0,False,True,False
0.28037842682827213,0,0.5785767452396225,-1.3163899397915744,0.16875060273507714,-1.4864943982042675,-1.3376404596267457,8.8,True,False,False
0.03184278572255639,0,-0.2839232953530912,0.7234505299466546,0.42092519688515073,-0.7968498994771335,0.43038974802616986,8.1,False,False,True
0.4460688542320826,0,-1.4159545986310282,-0.2964697049224599,0.3865188410618948,-1.1416721488407005,1.1819791296805435,9.1,False,False,True
0.9431401364435132,1,-1.0386108308717161,0.7234505299466546,-1.178074956683887,-0.7278854496044218,-0.8877985471326987,7.8,True,False,False
1.0259853501454186,1,-0.769079568186493,0.7234505299466546,0.6791309613670496,-1.624423297949695,1.062354087793951,8.7,True,False,False
1.605901846058755,1,0.524670492702578,0.7234505299466546,1.2224114090703748,2.0996569951768302,-1.5387074235057496,9.0,True,False,False
1.1088305638473237,0,1.6567017959805155,0.7234505299466546,-1.9284083236926255,1.3410480465769803,-0.4243615922008688,5.8,True,False,False
-1.707906702017452,1,0.3090454825543998,0.7234505299466546,0.2967557731001104,-0.7968498994771335,0.06134447687947322,7.6,True,False,False
-0.05100242797934866,0,-1.4159545986310282,-0.2964697049224599,-0.5769103186351232,0.3065812984862792,0.25551590368015414,8.1,False,True,False
-1.293680633507926,1,0.36295173509144435,0.7234505299466546,-0.12868618912154164,0.4445101982317092,0.8545784524486995,7.0,False,False,True
-0.38238328278696926,1,-0.769079568186493,-1.3163899397915744,-0.558933651954706,-0.7968498994771335,0.4418414249657028,8.4,True,False,False
-1.3765258472098314,0,-0.2839232953530912,-1.3163899397915744,-0.7588144891375046,1.1341546969588432,0.3446161658988176,8.0,True,False,False
0.7774497090397036,1,-0.12220453774195722,-0.2964697049224599,-0.006013791846093667,-0.5209920999862803,0.21018537831148656,8.0,False,False,True
3.7710432130057113e-16,0,0.5785767452396225,1.7433707648157692,-1.19373994626628,0.7893324475952762,-0.815746897698603,6.4,False,False,True
-1.5422162746136419,1,-0.23001704281604662,-1.3163899397915744,0.6782371556627872,1.3410480465769803,-1.4380715704643294,9.6,False,True,False
0.11468799942446163,1,0.3090454825543998,-1.3163899397915744,-1.26051790725168,2.7203370440312504,-1.3148070113289716,8.2,False,False,True
1.2745209912511342,1,-1.0925170834087603,1.7433707648157692,0.6643863133088638,-1.2106365987134167,-0.939879682978125,8.9,True,False,False
1.2745209912511342,0,-0.6073608105753591,-0.2964697049224599,0.4483417972372182,0.72036799772256,0.04136716538547068,8.6,False,True,False
-0.9622997787003056,1,0.6324829977766677,0.7234505299466546,-1.8724346995823757,-0.38306320024085483,1.2527071965934675,5.7,False,False,True
-0.9622997787003056,0,-0.49954830550127,-1.3163899397915744,-0.760783368356152,0.8582968974679878,0.7573072923447073,8.1,False,True,False
-0.21669285538315913,0,1.764514301054604,-1.3163899397915744,1.2241101996684123,-1.4864943982042675,1.0697052085919325,8.5,True,False,False
-0.05100242797934866,1,0.09342047240622156,-1.3163899397915744,-0.5347286843667649,-0.7968498994771335,-0.29878939741609895,8.4,True,False,False
-0.630918923892685,0,0.9020142604618905,-1.3163899397915744,0.44777931321091347,0.09968794886814214,-0.337851412142724,8.5,True,False,False
-1.0451449924022107,0,-1.6315796087792065,0.7234505299466546,0.7885464923256633,-0.658920999731708,-1.0563310129580095,9.6,False,False,True
-1.707906702017452,0,-2.008923376538519,0.7234505299466546,-0.3089868598283852,0.72036799772256,-1.5214945470081465,8.6,True,False,False
-0.7137641375945902,1,-1.7932983663903406,0.7234505299466546,-0.675886333206098,1.0651902470861294,0.36434206653948176,8.1,False,False,True
-1.4593710609117365,0,1.2254517756841583,1.7433707648157692,1.4661783711579501,0.6514035478498462,1.7823723451392446,7.3,False,False,True
-1.707906702017452,1,-0.7151733156494482,0.7234505299466546,1.8018553905981542,1.6858702959405494,-1.1454908409529896,10.0,False,False,True
0.860294922741608,0,-0.7151733156494482,0.7234505299466546,0.0482470012212479,-1.2106365987134167,1.0358515308232548,8.1,True,False,False
1.0259853501454186,1,0.09342047240622156,-0.2964697049224599,-0.8993906814467186,1.4100124964496963,-0.8401811444269395,7.9,False,False,True
0.7774497090397036,1,2.034045563739827,-0.2964697049224599,0.5118894029712716,0.9962257972134132,0.7667180612421587,7.2,True,False,False
-1.127990206104116,1,2.0879518162768718,-0.2964697049224599,0.4014754403291747,1.6858702959405494,1.6273499790265868,7.3,False,False,True
1.4402114186549446,0,1.171545523147114,-1.3163899397915744,1.4441506267293007,0.5134746481044208,-0.28357489815636305,9.0,False,False,True
0.36322364053017736,1,0.9559205129989351,-0.2964697049224599,0.6475643713352934,-1.4864943982042675,0.617307707313069,8.1,False,False,True
1.0259853501454186,1,0.524670492702578,-0.2964697049224599,-1.6362353190486674,-0.9347787992225611,-0.08446157979581669,7.0,False,True,False
-1.5422162746136419,0,0.7402955028507563,1.7433707648157692,1.0733488999122696,1.4100124964496963,0.5055845244068231,7.7,False,True,False
-0.796609351296495,1,-0.7151733156494482,-1.3163899397915744,-1.1006664786036326,-0.1761698506227133,-0.13877556504134725,8.3,True,False,False
-1.3765258472098314,1,-0.12220453774195722,-0.2964697049224599,0.22310295263705884,0.7893324475952762,0.06877886576660108,8.2,True,False,False
0.6946044953377983,0,-0.2839232953530912,-0.2964697049224599,2.074155369758644,0.72036799772256,0.1424279860671645,9.7,True,False,False
-0.38238328278696926,0,0.6324829977766677,-0.2964697049224599,0.6011922441506768,-0.1761698506227133,0.8791635969469973,8.0,True,False,False
0.11468799942446163,0,0.9020142604618905,-1.3163899397915744,-0.23651049758694911,-0.314098750368141,0.6237936268172366,7.6,False,False,True
-0.5480737101907798,1,-0.014392032667868109,-0.2964697049224599,0.5246063271222876,0.9272613473407016,-1.3357572881616353,8.9,False,False,True
1.2745209912511342,1,1.4949830383693812,0.7234505299466546,0.8991185022957532,0.5824390979771346,0.8261008788940659,7.1,True,False,False
-0.05100242797934866,1,-1.3620483460939834,0.7234505299466546,-0.3822972687800738,-0.24513430049542714,0.04174889312949131,7.9,False,True,False
-0.630918923892685,0,-0.33782954789013603,-1.3163899397915744,1.8615734356080043,1.1341546969588432,1.4437361540531166,10.0,True,False,False
-1.625061488315547,1,-0.8768920732605822,-0.2964697049224599,0.20175585436268023,-0.10720540074999943,1.5354875186844874,8.5,False,True,False
1.4402114186549446,1,-0.23001704281604662,-0.2964697049224599,0.6639745788765945,-0.7278854496044218,1.1822109736225446,8.6,False,False,True
1.3573662049530395,1,-0.23001704281604662,-0.2964697049224599,0.40485669906962624,-1.003743249095275,-1.6052278744155912,9.0,True,False,False
1.0259853501454186,1,1.4949830383693812,-0.2964697049224599,0.847456760325487,-0.24513430049542714,-0.4322403955917771,8.2,True,False,False
3.7710432130057113e-16,0,0.5785767452396225,-0.2964697049224599,-0.6968235991976863,1.3410480465769803,0.19125890308353055,7.3,False,True,False
1.0259853501454186,0,-1.2003295884828498,-0.2964697049224599,-0.6343061330508368,-0.7968498994771335,-1.212169517506541,8.7,False,True,False
-0.5480737101907798,1,0.524670492702578,-0.2964697049224599,0.7838230591080333,-0.24513430049542714,-1.1391916219899998,8.7,True,False,False
0.4460688542320826,1,-0.3917358004271806,-1.3163899397915744,0.4432318988863697,-1.5554588480769835,0.3283154533915691,9.1,False,False,True
1.0259853501454186,0,-1.1464233359458051,1.7433707648157692,1.7335520997089713,-0.1761698506227133,0.8039253511694159,9.0,True,False,False
1.3573662049530395,1,-0.49954830550127,-1.3163899397915744,-0.048166652467246364,-0.1761698506227133,1.5239957890223899,8.5,False,True,False
0.9431401364435132,0,1.0637330180730242,-1.3163899397915744,0.6669624100885105,0.5824390979771346,0.7722719215043709,8.0,True,False,False
0.19753321312636687,0,1.9262330586657381,0.7234505299466546,-1.1999711235904058,0.23761684861356758,0.6522312555696935,5.4,True,False,False
-0.5480737101907798,1,1.5488892909064258,-0.2964697049224599,-0.4527478912077581,-1.2106365987134167,-0.3355043125548448,7.4,True,False,False
0.6946044953377983,0,-0.6612670631124037,1.7433707648157692,0.695379436173739,1.1341546969588432,-1.7348653592081973,8.6,True,False,False
1.6887470597606598,0,-1.3081420935569392,-0.2964697049224599,0.85823305698606,0.23761684861356758,-1.311647024024502,9.6,True,False,False
-0.38238328278696926,0,0.03951421986917645,-1.3163899397915744,-0.35398143907708385,0.23761684861356758,0.16368361008417404,7.9,True,False,False
0.6117592816358931,1,0.20123297748031013,-0.2964697049224599,-1.6519236348577961,-0.5209920999862803,-0.2532382515306883,7.1,False,True,False
-1.4593710609117365,1,-0.2839232953530912,0.7234505299466546,-0.4208583935807494,0.23761684861356758,0.8619261907520025,7.2,False,False,True
-0.9622997787003056,0,-0.6073608105753591,0.7234505299466546,0.9020112436323833,0.5134746481044208,0.11849664724346538,8.3,False,True,False
-0.38238328278696926,1,-1.847204618927385,-1.3163899397915744,0.5677676418774967,-1.7623521976951229,-1.475355984987888,10.6,True,False,False
-0.9622997787003056,1,0.4168579876284889,-1.3163899397915744,0.48871938759415684,-0.5209920999862803,-1.0558216671934926,9.0,False,False,True
-1.3765258472098314,0,-0.17611079027900206,0.7234505299466546,0.6988691544200606,-0.7968498994771335,-1.3209107020254174,8.7,False,False,True
1.0259853501454186,1,1.764514301054604,-1.3163899397915744,0.40420591153557656,-0.45202765011356644,1.7859533778648686,7.6,True,False,False
-1.293680633507926,1,1.6567017959805155,0.7234505299466546,0.4795494558302278,-0.5209920999862803,-0.9939081183569576,7.5,False,False,True
-1.625061488315547,1,-0.6073608105753591,-1.3163899397915744,-0.6000873627086314,-0.7968498994771335,-1.6974994418169238,8.8,True,False,False
-0.7137641375945902,1,-0.769079568186493,-0.2964697049224599,-2.3258330000679988,-0.314098750368141,1.8115882670743428,6.6,False,False,True
-0.8794545649984002,0,0.36295173509144435,-1.3163899397915744,1.1212884971544146,0.8582968974679878,-0.7387585615602406,9.5,True,False,False
-0.4652284964888745,0,0.20123297748031013,-0.2964697049224599,-0.9571980930767954,0.4445101982317092,-1.1104135688230967,7.4,False,False,True
0.7774497090397036,0,0.6863892503137117,-1.3163899397915744,0.6931960488045391,-1.7623521976951229,0.3262921993464209,8.7,False,True,False
-0.8794545649984002,1,1.2254517756841583,-0.2964697049224599,-0.45795801735451036,-0.5209920999862803,1.4791083572541366,6.9,False,False,True
-0.4652284964888745,0,-0.23001704281604662,-0.2964697049224599,1.0818209150298395,-0.314098750368141,-0.599528765582581,9.3,True,False,False
-1.127990206104116,1,-0.33782954789013603,-0.2964697049224599,0.6120971573418268,1.7548347458132634,0.6468009011455411,8.8,True,False,False
-1.4593710609117365,1,-1.0925170834087603,0.7234505299466546,0.6826870187505844,-0.24513430049542714,-1.070463572377114,9.1,True,False,False
1.52305663235685,1,-1.0386108308717161,-0.2964697049224599,-1.4908159192144241,-2.038209997185976,0.48495921526255736,7.7,False,False,True
-1.4593710609117365,1,-0.3917358004271806,1.7433707648157692,1.2430236144648248,-2.038209997185976,-0.5416071942450718,9.1,False,False,True
0.28037842682827213,1,0.2551392300173552,-0.2964697049224599,0.23482172328443285,0.09968794886814214,-0.9874942568029161,8.3,False,True,False
0.860294922741608,0,-0.9847045783346713,0.7234505299466546,0.10983006041465358,0.4445101982317092,-1.1027279688556026,8.5,False,True,False
-1.5422162746136419,0,1.4949830383693812,1.7433707648157692,-1.9259136764163183,0.23761684861356758,1.4715647228581947,4.7,False,True,False
0.4460688542320826,0,-0.3917358004271806,0.7234505299466546,0.39114052095787843,1.2031191468315547,-0.32537290543978853,8.7,False,False,True
0.6117592816358931,1,-0.12220453774195722,-0.2964697049224599,-1.1338713872599528,-0.5209920999862803,-0.8661944733214497,7.6,False,False,True
0.860294922741608,0,-0.9307983257976267,-0.2964697049224599,-1.4767268446430597,0.9272613473407016,-0.14301599616810623,7.9,True,False,False
-0.05100242797934866,0,0.848108007924846,0.7234505299466546,1.1377639288375645,-0.9347787992225611,0.9108442191343099,8.0,False,True,False
-1.3765258472098314,1,0.6863892503137117,0.7234505299466546,-0.7095603162804012,-1.8313166475678369,1.7183002158065086,6.9,True,False,False
3.7710432130057113e-16,1,-0.44564205296422515,0.7234505299466546,1.5842723715749791,-0.24513430049542714,-0.17995018061706533,9.4,True,False,False
0.5289140679339879,0,-0.06829828520491267,0.7234505299466546,-0.6104447761307016,-0.038240950877287835,1.3260140533543745,7.0,False,False,True
-0.05100242797934866,0,-0.7151733156494482,0.7234505299466546,1.2683350271576568,-0.9347787992225611,0.7193178083766532,9.0,False,False,True
-1.293680633507926,1,0.7402955028507563,0.7234505299466546,-0.20756074569352076,-0.1761698506227133,0.08849198915159291,6.9,False,False,True
-1.707906702017452,0,-1.4698608511680729,-1.3163899397915744,-0.6236858906355672,-1.4864943982042675,0.5768520142627154,8.9,False,False,True
-1.3765258472098314,0,0.20123297748031013,0.7234505299466546,0.1274657703345688,1.4100124964496963,1.4280281061300248,7.7,False,False,True
1.605901846058755,0,-1.5776733562421619,-0.2964697049224599,0.48990397176809924,-0.314098750368141,-0.17140244363216234,9.6,False,True,False
-0.796609351296495,1,0.36295173509144435,-0.2964697049224599,1.142759309226026,-0.45202765011356644,1.4689355689555421,8.6,True,False,False
1.0259853501454186,1,-1.847204618927385,1.7433707648157692,-0.42376355044288305,-1.2796010485861282,9.371743015512626e-05,8.5,True,False,False
-0.630918923892685,0,1.1176392706100688,-0.2964697049224599,-1.4484938160990637,-1.1416721488407005,0.4081540561670508,6.4,False,True,False
0.36322364053017736,1,-0.9307983257976267,-1.3163899397915744,-0.4807082239054613,-1.072707698967989,-0.5803038028718625,9.1,True,False,False
0.4460688542320826,0,-0.9847045783346713,-1.3163899397915744,0.2337930208322091,-0.038240950877287835,1.7623662080757574,9.0,True,False,False
-1.0451449924022107,0,0.09342047240622156,-1.3163899397915744,-1.0642898318806515,0.4445101982317092,0.6364663025640508,7.3,False,False,True
0.36322364053017736,1,1.1176392706100688,0.7234505299466546,-1.0572820950794806,0.7893324475952762,-1.5833345515737016,6.6,False,True,False
0.03184278572255639,0,-1.2003295884828498,0.7234505299466546,0.32235184386974514,2.7203370440312504,-0.5765984406737429,9.4,False,True,False
-0.38238328278696926,1,0.36295173509144435,-0.2964697049224599,-0.0074512048153776,0.6514035478498462,-1.538880364036101,8.0,False,False,True
0.36322364053017736,1,0.6324829977766677,-1.3163899397915744,-0.8466096319723839,-0.5209920999862803,-1.6544056437579593,7.8,False,False,True
1.191675777549229,1,0.09342047240622156,-0.2964697049224599,-0.2865700179633068,-0.5899565498589942,-0.13726129209222335,8.2,False,False,True
-1.707906702017452,1,-0.49954830550127,0.7234505299466546,-1.0223730942292493,-0.5899565498589942,-0.5549941639149539,7.6,True,False,False
-1.127990206104116,0,-1.0386108308717161,-0.2964697049224599,0.9018153153726223,-0.9347787992225611,-0.17900690052912424,9.8,False,True,False
1.1088305638473237,0,-0.014392032667868109,1.7433707648157692,1.0556405203860513,1.7548347458132634,-0.8041971104978289,8.7,True,False,False
-0.5480737101907798,0,-1.2542358410198944,0.7234505299466546,-2.000097813148667,0.9272613473407016,-1.1530098365863997,7.3,False,True,False
-0.630918923892685,1,0.36295173509144435,1.7433707648157692,-1.6292879927440707,1.4100124964496963,0.0925385820932768,5.9,True,False,False
0.36322364053017736,1,0.848108007924846,-1.3163899397915744,-0.7315766837208928,-1.5554588480769835,-1.0268488904574575,8.0,True,False,False
0.5289140679339879,0,-2.6557984069830542,-1.3163899397915744,-0.13071734410141356,-1.348565498458842,-0.6016354832570194,10.4,False,False,True
0.11468799942446163,1,-1.2003295884828498,-0.2964697049224599,-1.5795678932299075,-2.038209997185976,0.3675171068742426,7.7,True,False,False
0.19753321312636687,0,2.0879518162768718,0.7234505299466546,-1.10691992360214,0.16865239874085372,-1.2144757780285527,5.9,False,False,True
-1.625061488315547,1,-0.12220453774195722,-1.3163899397915744,0.17757302135616818,0.16865239874085372,-1.4786690780051406,8.9,True,False,False
0.36322364053017736,1,-0.9307983257976267,-0.2964697049224599,0.03130692356202681,0.16865239874085372,1.1525750475939083,8.3,True,False,False
